,,All data,All data,All data,Young adults,Young adults,Young adults,Middle adults,Middle adults,Middle adults,Older adults,Older adults,Older adults
,,Total,First,Rank (SD),Total,First,Rank (SD),Total,First,Rank (SD),Total,First,Rank (SD)
A bird,Robin,0.50,0.23,2.59 (2.11),0.37,0.10,3.32 (2.41),0.53,0.24,2.71 (2.24),0.60,0.35,2.04 (1.63)
A bird,Eagle,0.45,0.09,4.08 (2.50),0.43,0.11,3.91 (2.57),0.46,0.06,4.00 (2.23),0.48,0.11,4.30 (2.71)
A bird,Cardinal,0.42,0.08,3.69 (2.49),0.42,0.08,4.05 (2.46),0.38,0.05,4.30 (2.77),0.46,0.12,2.89 (2.12)
A bird,Sparrow,0.39,0.05,4.06 (2.43),0.33,0.06,3.88 (2.37),0.46,0.03,4.72 (2.56),0.40,0.07,3.50 (2.23)
A bird,Hawk,0.33,0.02,4.66 (2.28),0.25,0.04,3.76 (2.41),0.35,0.03,5.32 (2.39),0.39,0.01,4.66 (1.96)
A bird,Crow,0.30,0.03,4.61 (2.50),0.22,0.02,4.38 (2.40),0.38,0.03,4.83 (2.70),0.31,0.04,4.50 (2.39)
A bird,Pigeon,0.23,0.02,4.52 (2.38),0.29,0.05,4.28 (1.69),0.24,,3.73 (2.85),0.18,0.01,2.85 (1.84)
A bird,Parrot,0.23,0.08,3.76 (2.76),0.30,0.08,3.41 (3.06),0.24,0.10,5.84 (2.92),0.17,0.06,4.60 (1.70)
A bird,Hummingbird,0.18,0.04,3.58 (2.56),0.18,0.02,3.20 (1.86),0.19,0.05,4.40 (3.42),0.18,0.05,3.13 (2.10)
A bird,Dove,0.17,0.02,4.84 (2.57),0.19,0.04,4.00 (2.42),0.16,0.01,5.69 (2.53),0.17,,5.00 (2.66)
A bird,Chicken,0.16,0.01,6.64 (3.17),0.20,0.01,6.23 (3.35),0.13,0.01,6.40 (3.17),0.14,,7.41 (3.06)
A bird,Finch,0.15,0.01,4.54 (2.05),0.17,0.02,3.92 (1.90),0.14,,5.63 (2.50),0.14,,4.25 (1.42)
A bird,Duck,0.14,0.01,5.47 (3.45),0.18,0.01,5.60 (3.78),0.09,,6.14 (4.10),0.14,0.02,4.91 (2.78)
A bird,Raven,0.13,0.01,4.76 (2.69),0.11,,4.55 (1.81),0.19,0.03,4.66 (3.22),0.11,0.01,5.11 (2.71)
A bird,Woodpecker,0.13,,5.00 (2.09),0.13,,5.54 (2.25),0.14,0.01,4.63 (2.20),0.12,,4.80 (1.87)
A bird,Owl,0.12,0.02,5.20 (3.45),0.19,0.06,4.25 (3.86),0.09,,7.00 (3.16),0.08,,5.57 (1.99)
A bird,Wren,0.12,0.02,4.41 (2.97),0.05,0.01,4.00 (2.45),0.15,0.05,4.91 (3.92),0.15,0.01,4.07 (2.14)
A bird,Ostrich,0.12,0.01,5.62 (2.87),0.14,0.02,5.00 (3.30),0.14,,6.18 (2.52),0.07,,5.83 (2.79)
A bird,Parakeet,0.11,,4.46 (2.35),0.12,0.01,5.20 (2.78),0.11,,4.00 (2.45),0.11,,4.11 (1.69)
A bird,Seagull,0.11,0.01,4.82 (2.39),0.17,0.01,4.85 (2.62),0.10,0.01,5.12 (2.42),0.07,0.01,4.33 (2.07)
A bird,Flamingo,0.10,,6.64 (2.34),0.17,,6.28 (2.46),0.10,,7.37 (1.77),0.04,,6.33 (3.51)
A bird,Goose,0.10,,5.88 (3.40),0.14,,4.58 (2.39),0.06,,8.60 (3.97),0.08,,6.14 (3.72)
A bird,Mockingbird,0.09,0.02,5.09 (2.75),0.07,0.01,5.66 (2.94),0.15,0.04,4.33 (2.87),0.06,,6.20 (2.05)
A bird,Penguin,0.09,0.01,5.39 (3.01),0.17,0.01,4.85 (2.80),0.09,0.01,6.28 (3.64),0.02,,6.00 (2.83)
A bird,Falcon,0.09,,5.50 (2.74),0.10,,5.50 (2.62),0.09,,5.85 (2.97),0.08,,5.14 (3.02)
A bird,Oriole,0.08,0.01,4.58 (2.93),0.07,,4.66 (0.82),0.08,0.03,4.83 (4.26),0.08,0.01,4.28 (3.15)
A bird,Swan,0.07,,5.56 (3.28),0.10,,5.37 (3.54),0.08,,4.83 (3.82),0.05,,7.00 (1.83)
A bird,Canary,0.07,0.01,3.76 (2.51),0.02,0.01,2.00 (1.41),0.08,0.01,5.33 (3.56),0.11,0.01,3.11 (1.17)
A bird,Turkey,0.06,,7.88 (1.89),0.04,,7.33 (2.31),0.06,,8.40 (1.34),0.10,,7.75 (2.19)
A bird,Swallow,0.06,0.01,4.31 (2.44),0.05,0.01,5.75 (3.40),0.06,,4.20 (2.28),0.08,0.01,3.57 (1.90)
A bird,Vulture,0.05,,6.77 (2.31),0.07,,7.00 (2.53),0.04,,4.66 (2.08),0.05,,8.00 (1.15)
A building for religious services,Church,0.97,0.83,1.23 (0.61),0.95,0.82,1.20 (0.56),0.99,0.82,1.28 (0.70),0.99,0.86,1.19 (0.55)
A building for religious services,Mosque,0.65,0.02,2.86 (1.02),0.64,0.02,2.67 (1.05),0.68,0.03,2.75 (0.95),0.64,0.02,3.12 (1.01)
A building for religious services,Temple,0.59,0.06,2.76 (1.16),0.65,0.04,3.00 (1.23),0.58,0.08,2.63 (1.18),0.55,0.06,2.60 (1.02)
A building for religious services,Synagogue,0.47,0.03,2.72 (0.98),0.34,0.02,2.96 (1.14),0.44,0.05,2.54 (1.04),0.63,0.02,2.69 (0.82)
A building for religious services,Cathedral,0.23,0.01,3.70 (1.35),0.13,,3.90 (1.14),0.33,0.01,4.00 (1.33),0.23,0.01,3.15 (1.38)
A building for religious services,Chapel,0.23,0.02,3.14 (1.29),0.22,0.05,2.55 (1.38),0.24,,3.57 (1.17),0.23,0.01,3.26 (1.15)
A carpenter’s tool,Hammer,0.92,0.60,1.63 (1.07),0.92,0.57,1.76 (1.26),0.90,0.59,1.59 (1.01),0.98,0.64,1.54 (0.92)
A carpenter’s tool,Saw,0.75,0.17,2.56 (1.32),0.72,0.20,2.51 (1.49),0.77,0.13,2.70 (1.20),0.76,0.18,2.46 (1.26)
A carpenter’s tool,Screwdriver,0.45,0.01,3.52 (1.43),0.51,0.01,3.71 (1.67),0.43,0.01,3.61 (1.21),0.43,0.01,3.19 (1.28)
A carpenter’s tool,Nail,0.31,0.01,3.71 (1.81),0.43,0.02,3.61 (1.54),0.20,,3.43 (2.25),0.29,,4.04 (1.90)
A carpenter’s tool,Drill,0.28,,3.90 (1.54),0.30,,4.24 (1.94),0.32,0.01,3.60 (1.35),0.23,,3.84 (1.12)
A carpenter’s tool,Level,0.24,0.02,4.07 (1.81),0.16,0.01,4.00 (1.41),0.27,0.03,4.00 (1.67),0.31,0.04,4.15 (2.13)
A carpenter’s tool,Chisel,0.15,0.02,3.47 (1.94),0.10,0.02,3.87 (2.42),0.19,0.04,3.26 (1.83),0.18,0.01,3.46 (1.88)
A carpenter’s tool,Planer,0.13,,4.56 (1.88),0.05,,4.00 (1.83),0.13,,5.00 (2.31),0.21,0.01,4.44 (1.69)
A carpenter’s tool,Wrench,0.13,,4.31 (1.69),0.19,0.01,4.50 (1.71),0.10,,4.75 (1.91),0.10,,3.50 (1.31)
A carpenter’s tool,Sander,0.12,0.01,4.83 (2.10),0.11,,4.88 (2.37),0.14,0.03,4.27 (2.33),0.12,,5.40 (1.58)
A carpenter’s tool,Ruler,0.10,0.02,3.67 (1.46),0.13,0.02,3.72 (3.00),0.08,0.01,2.50 (1.05),0.08,0.01,4.57 (2.23)
A carpenter’s tool,Pliers,0.09,,4.41 (2.32),0.05,,4.50 (1.91),0.09,0.01,5.57 (3.41),0.13,,3.63 (1.29)
A carpenter’s tool,Awl,0.08,0.04,2.70 (2.32),0.02,0.01,3.00 (2.82),0.11,0.05,2.33 (1.87),0.11,0.06,3.00 (2.83)
A carpenter’s tool,Pencil,0.08,,5.16 (1.57),0.11,,4.44 (1.42),0.06,,6.00 (1.58),0.06,,5.60 (1.52)
A carpenter’s tool,Screw,0.07,,5.00 (2.25),0.14,0.01,5.16 (2.52),0.03,,4.00 (1.41),0.05,,5.00 (2.00)
A chemical element,Hydrogen,0.50,0.13,2.66 (1.56),0.49,0.10,3.00 (1.84),0.51,0.15,2.50 (1.41),0.51,0.13,2.48 (1.37)
A chemical element,Oxygen,0.47,0.15,2.44 (1.38),0.51,0.16,2.45 (1.53),0.43,0.13,2.55 (1.28),0.49,0.15,2.31 (1.31)
A chemical element,Iron,0.28,0.13,2.64 (2.03),0.20,0.10,2.94 (2.44),0.28,0.13,2.50 (1.79),0.37,0.18,2.58 (2.00)
A chemical element,Carbon,0.25,0.06,3.59 (2.18),0.34,0.08,3.46 (2.25),0.24,0.04,4.15 (2.14),0.19,0.07,3.12 (2.09)
A chemical element,Nitrogen,0.24,0.03,3.25 (1.88),0.24,0.04,2.85 (1.42),0.27,0.05,3.33 (2.18),0.23,0.01,3.57 (1.98)
A chemical element,Helium,0.23,0.03,3.17 (1.83),0.28,0.05,3.52 (2.31),0.23,0.03,2.66 (1.19),0.20,0.01,3.23 (1.60)
A chemical element,Gold,0.21,0.03,4.28 (2.03),0.23,0.02,4.47 (1.93),0.20,0.04,4.50 (2.34),0.21,0.04,3.88 (1.91)
A chemical element,Silver,0.15,,5.11 (1.97),0.14,,4.58 (1.73),0.11,,6.00 (2.24),0.18,,5.00 (1.93)
A chemical element,Sodium,0.11,0.04,3.07 (2.21),0.12,0.02,3.70 (1.95),0.09,0.05,2.28 (1.70),0.13,0.05,3.00 (2.68)
A chemical element,Aluminum,0.09,0.01,4.30 (1.72),0.08,0.01,4.85 (2.41),0.06,0.01,3.60 (1.67),0.13,,4.27 (1.19)
A chemical element,Copper,0.08,0.01,4.43 (1.91),0.07,,4.66 (1.97),0.10,0.03,3.50 (2.27),0.08,,5.28 (0.95)
A chemical element,Chlorine,0.08,0.01,3.95 (2.06),0.08,,4.71 (1.98),0.11,0.03,2.88 (1.90),0.05,,5.00 (1.83)
A chemical element,Water,0.08,0.04,2.37 (2.14),,,,0.09,0.04,2.57 (1.62),0.13,0.08,2.36 (2.54)
A chemical element,Mercury,0.07,0.03,3.11 (2.54),0.05,0.05,1.00 (0.00),0.06,0.03,4.85 (3.35),0.11,0.01,6.14 (2.24)
A chemical element,Uranium,0.07,,5.78 (2.96),0.05,,6.33 (3.77),0.09,,4.60 (2.48),0.08,0.01,4.00 (3.13)
A chemical element,Lead,0.07,,4.94 (2.31),0.07,,1.00 (2.42),0.06,,3.20 (2.07),0.08,0.01,4.00 (2.08)
A chemical element,Potassium,0.06,,4.71 (2.92),0.10,,5.25 (2.49),0.04,,2.00 (0.00),0.04,,6.00 (4.36)
A chemical element,Zinc,0.05,0.01,3.77 (1.96),0.04,0.01,2.66 (2.08),0.06,0.01,3.80 (2.28),0.06,,4.40 (1.67)
A chemical element,Acid,0.05,0.02,1.92 (0.86),0.07,0.04,1.83 (0.98),0.05,0.01,2.00 (0.82),0.04,0.01,2.00 (0.00)
A color,Blue,0.97,0.25,2.50 (1.58),0.99,0.25,2.36 (1.27),0.97,0.25,2.79 (2.10),0.98,0.24,2.35 (1.23)
A color,Red,0.96,0.59,1.84 (1.51),0.94,0.57,1.88 (1.56),0.99,0.59,1.96 (1.66),0.96,0.62,1.69 (1.29)
A color,Green,0.92,0.05,3.99 (2.14),0.94,0.07,4.24 (2.38),0.89,0.05,3.95 (2.21),0.96,0.04,3.77 (1.82)
A color,Yellow,0.85,,4.66 (2.05),0.86,,4.76 (1.97),0.90,,4.69 (2.28),0.82,,4.52 (1.89)
A color,Orange,0.79,,5.38 (2.15),0.83,,5.31 (2.05),0.82,,5.16 (2.05),0.73,0.01,5.67 (2.35)
A color,Purple,0.77,0.03,5.55 (2.20),0.78,0.02,5.96 (2.42),0.80,0.05,5.14 (2.05),0.74,0.01,5.53 (2.04)
A color,Black,0.72,0.04,6.20 (2.66),0.75,0.04,6.53 (2.90),0.76,0.04,6.06 (2.62),0.68,0.04,5.96 (2.43)
A color,White,0.58,,7.08 (2.65),0.64,,7.75 (2.57),0.52,0.01,7.00 (2.91),0.58,,6.40 (2.36)
A color,Pink,0.55,0.03,6.92 (2.81),0.69,0.05,6.50 (3.16),0.54,,6.88 (2.21),0.43,0.04,7.61 (2.80)
A color,Brown,0.38,,7.27 (2.22),0.37,,8.32 (2.52),0.33,,7.38 (2.14),0.45,,6.34 (1.58)
A color,Gray,0.21,,8.35 (3.01),0.25,,8.52 (3.12),0.24,,8.68 (3.06),0.13,0.01,7.45 (2.81)
A color,Violet,0.19,,7.26 (1.84),0.23,,7.73 (1.85),0.14,,6.72 (1.79),0.20,,7.05 (1.82)
A color,Magenta,0.13,,8.48 (2.17),0.13,,7.90 (2.39),0.18,,9.42 (1.87),0.07,,7.33 (1.75)
A color,Teal,0.11,,9.22 (2.06),0.12,,9.70 (1.77),0.11,,9.70 (2.00),0.10,,7.75 (1.91)
A color,Indigo,0.10,,7.58 (2.04),0.19,,7.62 (2.00),0.08,,8.00 (2.53),0.05,,6.75 (1.71)
A color,Tan,0.09,,9.57 (2.13),0.07,,9.33 (3.01),0.08,,9.33 (2.00),0.13,,9.45 (1.81)
A color,Turquoise,0.09,,8.91 (2.27),0.07,,9.16 (2.64),0.10,,9.25 (2.43),0.11,,8.44 (2.07)
A color,Silver,0.08,,8.85 (2.60),0.11,,8.88 (3.14),0.09,,9.28 (2.14),0.05,,8.00 (2.45)
A color,Lavender,0.07,,8.94 (2.44),0.05,,8.00 (4.55),0.10,,9.37 (1.60),0.06,,9.00 (1.58)
A color,Gold,0.06,,7.73 (3.01),0.05,,8.00 (2.63),0.05,,11.75 (4.08),0.08,,8.16 (2.38)
A color,Beige,0.06,,9.07 (2.49),0.06,,9.75 (2.55),0.05,,7.00 (1.50),0.07,,7.00 (1.72)
A country,Canada,0.69,0.10,2.82 (1.86),0.70,0.12,2.77 (1.70),0.71,0.08,3.07 (2.18),0.67,0.10,2.60 (1.68)
A country,France,0.55,0.03,5.21 (2.65),0.52,0.01,5.51(3.04),0.47,0.03,5.37 (2.77),0.67,0.05,4.87 (2.21)
A country,Mexico,0.52,,3.78 (2.16),0.55,,3.56 (2.16),0.51,,4.10 (2.57),0.51,0.01,3.69 (1.70)
A country,Germany,0.44,0.01,5.76 (2.68),0.39,,6.53 (3.15),0.51,0.03,6.27 (2.56),0.43,0.01,4.50 (1.83)
A country,England,0.37,0.03,4.27 (2.12),0.27,0.02,4.77 (2.22),0.43,0.01,4.50 (2.33),0.42,0.05,3.74 (1.75)
A country,Russia,0.34,0.02,5.59 (3.03),0.27,0.01,6.45 (3.89),0.46,0.04,5.33 (2.63),0.32,0.01,5.22 (2.69)
A country,China,0.32,0.01,5.94 (3.00),0.37,0.02,5.90 (3.21),0.37,,6.24 (2.89),0.23,,5.52 (2.93)
A country,Italy,0.29,0.02,5.62 (2.72),0.23,,6.05 (2.78),0.32,0.03,6.04 (2.88),0.32,0.02,4.92 (2.46)
A country,Japan,0.27,,6.28 (2.59),0.34,,6.46 (2.71),0.35,0.01,5.92 (2.37),0.14,,6.66 (2.90)
A country,Spain,0.26,0.01,5.97 (3.09),0.27,,6.86 (3.41),0.24,0.01,5.36 (3.20),0.29,0.01,5.62 (2.60)
A country,Brazil,0.17,,5.88 (2.72),0.24,,5.35 (2.43),0.19,,6.26 (2.99),0.08,,6.57 (2.99)
A country,Ireland,0.16,,5.75 (2.27),0.16,,6.69 (1.93),0.19,,5.06 (2.46),0.14,,5.58 (2.19)
A country,Australia,0.16,,6.69 (2.95),0.12,0.01,7.40 (3.89),0.20,,7.18 (2.71),0.15,,5.53 (2.18)
A country,Sweden,0.11,,7.63 (2.94),0.07,,9.33 (1.86),0.13,,6.70 (3.33),0.13,,7.54 (2.84)
A country,Africa,0.09,0.02,4.26 (2.45),0.11,0.01,3.66 (1.58),0.14,0.04,4.36 (2.73),0.04,,5.66 (3.79)
A country,Scotland,0.08,,6.57 (2.54),0.11,,7.66 (2.35),0.08,,6.66 (2.58),0.07,,4.83 (2.14)
A country,Poland,0.08,,7.63 (3.29),0.07,,8.16 (4.17),0.06,,10.00 (1.58),0.10,,5.75 (2.38)
A country,Korea,0.08,,6.37 (2.52),0.02,,3.50 (0.71),0.15,,5.91 (1.78),0.06,,8.60 (2.97)
A country,Norway,0.07,,7.88 (2.29),0.05,,8.75 (0.96),0.09,,8.00 (3.16),0.07,,7.16 (1.72)
A country,Peru,0.07,,6.41 (3.22),0.08,,6.85 (3.02),0.06,,6.60 (3.78),0.06,,5.60 (3.51)
A country,India,0.06,,6.63 (2.94),0.07,,8.83 (3.19),0.05,,5.50 (1.73),0.07,,5.16 (2.14)
A country,Portugal,0.05,,6.46 (2.50),0.05,,1.32 (2.63),0.06,,1.75 (2.86),0.05,,1.26 (2.65)
A country,Iran,0.05,,7.46 (2.54),0.06,,6.80 (3.70),0.06,,7.60 (1.34),0.04,,8.33 (2.31)
A crime,Murder,0.87,0.44,1.96 (1.30),0.86,0.52,1.70 (1.16),0.86,0.32,2.25 (1.32),0.90,0.48,1.93 (1.37)
A crime,Theft,0.59,0.19,2.59 (1.60),0.54,0.12,3.15 (1.87),0.59,0.27,2.04 (1.28),0.65,0.18,2.60 (1.46)
A crime,Rape,0.46,0.04,3.30 (1.69),0.41,0.08,3.23 (2.18),0.48,0.03,3.26 (1.29),0.50,0.01,3.38 (1.59)
A crime,Assault,0.44,0.01,3.87 (1.43),0.49,0.02,3.65 (1.53),0.44,,4.11 (1.45),0.40,,3.88 (1.30)
A crime,Robbery,0.43,0.12,2.47 (1.56),0.42,0.08,2.68 (1.92),0.42,0.19,2.21 (1.43),0.46,0.10,2.48 (1.30)
A crime,Burglary,0.23,0.06,2.95 (1.94),0.19,0.02,3.56 (1.75),0.22,0.06,3.00 (2.50),0.29,0.11,2.50 (1.53)
A crime,Arson,0.18,0.03,3.09 (1.70),0.18,0.02,3.13 (1.77),0.19,0.04,2.66 (1.35),0.17,0.04,3.50 (1.95)
A crime,Fraud,0.13,,5.06 (1.34),0.16,,5.38 (1.12),0.13,,4.20 (1.48),0.12,,5.50 (1.18)
A crime,Embezzlement,0.11,,5.37 (1.55),0.08,,5.85 (1.07),0.13,,5.40 (1.65),0.12,0.01,5.00 (1.76)
A crime,Larceny,0.10,0.01,4.27 (2.09),0.13,,5.54 (1.81),0.09,0.03,3.00 (2.00),0.10,0.01,3.62 (1.69)
A crime,Kidnapping,0.10,,5.25 (1.78),0.12,,5.40 (1.78),0.09,,5.42 (1.99),0.08,,4.85 (1.77)
A crime,Speeding,0.09,,4.65 (1.97),0.10,0.01,4.37 (2.00),0.10,,5.12 (2.53),0.08,,4.42 (1.27)
A crime,Battery,0.09,0.01,4.39 (1.99),0.11,0.01,4.88 (2.32),0.10,,4.50 (1.85),0.07,0.01,3.50 (1.64)
A crime,Vandalism,0.08,,4.11 (1.88),0.04,,3.33 (1.53),0.08,,4.83 (1.72),0.12,0.01,3.90 (2.08)
A crime,Forgery,0.06,,5.00 (1.51),0.04,,4.00 (1.00),0.10,,4.75 (1.28),0.05,,6.25 (1.71)
A crime,Manslaughter,0.06,,3.93 (1.98),0.06,,4.20 (2.17),0.08,,4.00 (2.28),0.04,,3.33 (1.53)
A disease,Cancer,0.69,0.37,1.95 (1.31),0.57,0.29,1.85 (1.18),0.82,0.51,1.78 (1.23),0.69,0.32,2.20 (1.46)
A disease,Diabetes,0.29,0.05,2.75 (1.59),0.27,0.05,3.00 (1.85),0.35,0.08,2.53 (1.60),0.25,0.04,2.76 (1.30)
A disease,AIDS,0.28,0.09,2.39 (1.37),0.47,0.18,2.20 (1.32),0.24,0.06,2.47 (1.35),0.14,0.02,2.83 (1.53)
A disease,Flu,0.26,0.06,2.89 (1.86),0.23,0.05,3.00 (1.91),0.20,0.03,3.50 (2.31),0.36,0.10,2.50 (1.48)
A disease,Measles,0.18,0.06,2.84 (1.93),0.06,0.02,3.00 (2.35),0.20,0.04,3.31 (2.18),0.27,0.12,2.47 (1.65)
A disease,HIV,0.17,0.07,2.15 (1.33),0.33,0.16,2.18 (1.49),0.10,0.05,1.75 (0.89),0.07,0.01,2.50 (1.05)
A disease,Cold,0.13,0.04,3.36 (2.18),0.11,0.01,4.00 (2.35),0.10,0.05,2.87 (2.53),0.19,0.06,3.25 (1.95)
A disease,Mumps,0.13,0.01,3.52 (1.70),0.02,,2.50 (0.71),0.16,0.01,4.23 (2.05),0.21,0.01,3.11 (1.32)
A disease,Lupus,0.09,0.01,2.77 (1.02),0.12,0.02,2.60 (1.17),0.11,,3.00 (0.87),0.04,,2.66 (1.15)
A disease,Polio,0.08,0.01,3.26 (1.73),0.02,0.01,2.50 (2.12),0.09,,3.85 (1.57),0.12,0.01,3.00 (1.83)
A disease,Pneumonia,0.07,0.02,3.72 (2.22),0.08,0.02,4.42 (2.99),,,,0.12,0.02,3.20 (1.62)
A disease,Smallpox,0.07,0.02,3.29 (2.05),,,,0.09,,4.00 (1.41),0.11,0.06,2.77 (2.49)
A disease,Leukemia,0.06,0.01,3.27 (2.09),0.05,0.01,3.25 (2.06),0.06,,4.00 (2.55),0.07,0.02,2.66 (1.86)
A disease,Malaria,0.06,0.01,3.73 (1.79),0.06,0.01,3.60 (1.67),0.05,,5.25 (2.06),0.07,0.01,2.83 (1.17)
A disease,Plague,0.06,0.01,3.21 (1.72),0.05,0.01,3.75 (2.50),0.04,0.01,3.00 (1.73),0.08,,3.00 (1.41)
A disease,Tuberculosis,0.05,,3.54 (1.56),0.02,,2.50 (0.71),0.10,0.01,3.37 (1.69),0.04,,4.66 (1.15)
A disease,Hepatitis,0.05,,4.23 (1.59),0.06,,3.00 (0.71),0.06,,5.40 (1.52),0.04,,4.33 (1.53)
A fish,Salmon,0.49,0.08,3.58 (2.04),0.46,0.06,3.42 (2.07),0.49,0.09,3.92 (2.34),0.54,0.08,3.42 (1.78)
A fish,Tuna,0.41,0.07,3.78 (2.21),0.52,0.12,3.55 (2.31),0.41,0.06,4.03 (2.33),0.32,0.04,3.85 (1.92)
A fish,Goldfish,0.40,0.18,2.84 (2.34),0.42,0.20,2.88 (2.61),0.46,0.15,3.27 (2.41),0.35,0.19,2.24 (1.79)
A fish,Trout,0.39,0.13,2.79 (1.85),0.31,0.08,3.07 (2.04),0.35,0.10,3.32 (2.21),0.51,0.19,2.27 (1.32)
A fish,Catfish,0.35,0.05,3.82 (2.31),0.39,0.12,3.46 (2.72),0.37,,4.34 (2.11),0.32,0.04,3.66 (1.92)
A fish,Bass,0.35,0.08,3.16 (2.17),0.29,0.07,3.37 (2.41),0.47,0.13,2.91 (2.09),0.30,0.06,3.32 (2.10)
A fish,Shark,0.25,0.04,3.77 (2.24),0.18,0.01,3.00 (1.13),0.27,0.09,3.61 (2.73),0.30,0.04,4.36 (2.20)
A fish,Cod,0.21,0.02,4.21 (2.23),0.13,0.01,4.90 (2.63),0.27,0.04,4.28 (2.31),0.24,0.01,3.75 (1.89)
A fish,Carp,0.18,0.05,3.30 (2.31),0.13,0.04,3.09 (2.17),0.25,0.05,3.70 (2.66),0.15,0.06,2.84 (1.86)
A fish,Perch,0.17,0.03,3.54 (2.01),0.08,,4.00 (1.15),0.20,0.04,3.93 (2.35),0.21,0.05,3.00 (1.91)
A fish,Tilapia,0.16,,4.82 (2.14),0.20,0.01,5.17 (2.21),0.14,,5.09 (2.47),0.13,,4.00 (1.55)
A fish,Flounder,0.15,0.01,4.32 (1.99),0.13,,5.54 (1.97),0.11,0.01,3.33 (1.66),0.20,0.02,4.05 (1.85)
A fish,Pike,0.09,0.01,3.77 (2.29),0.05,,3.25 (2.50),0.09,0.01,4.28 (2.50),0.13,0.02,3.63 (2.25)
A fish,Crappie,0.08,,4.90 (1.94),0.02,,7.00 (0.00),0.11,,4.44 (1.81),0.11,,4.88 (2.09)
A fish,Guppy,0.08,0.01,4.00 (2.31),0.08,,5.00 (2.08),0.09,0.01,3.71 (2.43),0.06,0.02,3.00 (2.35)
A fish,Minnow,0.07,,5.18 (2.07),0.07,,4.66 (0.82),0.06,,6.40 (1.95),0.07,,4.66 (2.80)
A fish,Halibut,0.06,,4.06 (1.91),0.04,0.01,5.00 (2.08),0.08,,6.50 (2.34),0.08,,5.28 (1.57)
A fish,Grouper,0.06,0.01,5.50 (3.08),0.06,0.01,3.33 (3.81),0.05,0.01,4.66 (3.87),0.08,,3.85 (2.36)
A fish,Snapper,0.06,,4.44 (2.06),0.07,0.01,3.33 (1.63),0.05,,4.25 (2.22),0.07,,5.66 (1.97)
A fish,Whale,0.06,,5.20 (2.68),0.02,,5.00 (1.41),0.06,0.01,4.40 (3.05),0.10,,5.75 (2.82)
A fish,Koi,0.06,0.02,4.00 (2.80),0.08,0.04,2.85 (2.67),0.05,,5.75 (2.75),0.05,0.01,4.25 (2.75)
A flower,Rose,0.89,0.53,1.71 (1.14),0.94,0.53,1.69 (1.00),0.89,0.49,1.75 (1.10),0.87,0.57,1.68 (1.32)
A flower,Tulip,0.53,0.10,3.05 (1.71),0.59,0.13,3.02 (1.69),0.62,0.11,3.24 (1.98),0.39,0.06,2.78 (1.27)
A flower,Daisy,0.50,0.15,2.58 (1.65),0.49,0.16,2.75 (1.87),0.51,0.14,2.67 (1.70),0.51,0.17,2.32 (1.38)
A flower,Lily,0.30,0.02,3.48 (1.51),0.31,,3.23 (1.31),0.30,0.03,3.79 (1.82),0.30,0.02,3.44 (1.39)
A flower,Sunflower,0.26,0.02,3.41 (1.57),0.34,0.05,3.64 (1.95),0.23,0.01,2.83 (0.92),0.21,,3.61 (1.33)
A flower,Daffodil,0.22,0.02,3.67 (1.53),0.17,,3.64 (1.28),0.28,0.04,3.31 (1.43),0.23,0.01,4.10 (1.76)
A flower,Carnation,0.22,,4.13 (1.68),0.18,,3.60 (1.24),0.27,0.01,4.19 (1.94),0.21,,4.50 (1.65)
A flower,Petunia,0.15,0.01,3.32 (1.60),0.08,,3.57 (0.98),0.09,0.03,2.85 (1.57),0.29,0.01,3.37 (1.76)
A flower,Orchid,0.14,0.02,3.83 (1.82),0.16,0.01,3.69 (1.60),0.18,0.03,3.57 (1.87),0.10,0.01,4.50 (2.14)
A flower,Dandelion,0.12,0.02,3.23 (1.45),0.17,0.04,3.14 (1.51),0.15,,3.33 (1.30),0.05,0.01,3.25 (2.06)
A flower,Pansy,0.11,0.01,4.11 (1.97),0.04,,5.00 (1.00),0.13,0.03,3.90 (2.28),0.17,0.01,4.07 (1.94)
A flower,Violet,0.11,,4.44 (1.28),0.08,,4.14 (1.35),0.10,,5.00 (1.20),0.14,,4.25 (1.29)
A flower,Iris,0.08,0.02,3.90 (2.41),0.04,0.01,4.00 (3.00),0.10,0.01,4.25 (2.66),0.12,0.02,3.60 (2.27)
A flower,Lilac,0.08,,4.29 (1.65),0.06,0.01,3.40 (1.82),0.11,,5.11 (1.54),0.08,,3.85 (1.35)
A flower,Peony,0.08,,4.19 (2.27),0.07,,5.00 (3.10),0.11,0.01,4.11 (2.15),0.07,,3.50 (1.52)
A flower,Gardenia,0.07,,3.78 (1.83),0.07,0.01,2.83 (1.33),0.05,,5.50 (1.73),0.10,,3.62 (1.77)
A flower,Marigold,0.07,,4.61 (2.09),0.08,,4.85 (1.86),0.08,,4.83 (2.71),0.06,,4.00 (1.87)
A flower,Mum,0.06,,5.00 (1.79),0.05,,5.75 (1.71),0.06,,4.40 (2.07),0.08,,5.00 (1.73)
A flower,Geranium,0.05,,4.77 (1.64),0.04,,5.66 (0.58),0.06,,4.60 (1.67),0.06,0.01,4.40 (2.07)
A flower,Hydrangea,0.05,,5.00 (2.08),0.07,,4.00 (0.89),0.04,,5.66 (3.79),0.05,,6.00 (1.63)
A four footed animal,Dog,0.95,0.57,1.78 (1.53),0.96,0.63,1.80 (1.88),0.95,0.57,1.69 (1.36),0.95,0.52,1.85 (1.30)
A four footed animal,Cat,0.91,0.19,2.43 (1.71),0.92,0.18,2.34 (1.87),0.94,0.20,2.47 (1.77),0.90,0.18,2.47 (1.49)
A four footed animal,Horse,0.54,0.08,3.94 (2.34),0.42,0.04,4.25 (2.41),0.56,0.09,3.79 (2.09),0.65,0.12,3.85 (2.50)
A four footed animal,Lion,0.49,0.01,6.44 (2.87),0.54,0.01,5.95 (2.81),0.46,,7.69 (2.96),0.49,0.01,5.87 (2.55)
A four footed animal,Cow,0.46,0.03,4.64 (2.30),0.37,,4.38 (1.96),0.49,0.05,4.76 (2.29),0.52,0.04,4.70 (2.57)
A four footed animal,Tiger,0.43,,6.55 (2.63),0.47,,6.12 (2.48),0.41,,7.59 (2.95),0.42,0.01,6.05 (2.36)
A four footed animal,Bear,0.35,0.04,5.50 (3.25),0.35,0.04,5.96 (3.49),0.39,0.03,4.96 (2.63),0.31,0.06,5.61 (3.65)
A four footed animal,Elephant,0.31,,6.57 (2.35),0.27,,6.36 (2.74),0.38,,6.70 (2.47),0.30,,6.60 (1.89)
A four footed animal,Deer,0.30,0.01,5.15 (2.51),0.29,0.01,5.62 (2.45),0.35,,4.67 (2.16),0.27,0.01,5.21 (2.94)
A four footed animal,Pig,0.23,0.01,5.50 (2.42),0.24,0.04,4.70 (2.54),0.27,,5.76 (2.00),0.20,,6.11 (2.62)
A four footed animal,Giraffe,0.21,,7.12 (2.99),0.22,0.01,6.27 (3.14),0.24,,8.05 (3.42),0.17,,6.92 (1.73)
A four footed animal,Mouse,0.19,,5.77 (2.53),0.22,,6.38 (2.57),0.23,0.01,5.77 (2.73),0.13,,4.72 (1.90)
A four footed animal,Sheep,0.18,,6.76 (2.42),0.16,,7.30 (3.09),0.15,,7.00 (2.34),0.24,,6.25 (1.97)
A four footed animal,Goat,0.17,,6.23 (2.22),0.13,,6.45 (2.02),0.20,,6.56 (2.71),0.19,,5.75 (1.84)
A four footed animal,Rat,0.16,,6.79 (2.50),0.17,,8.21 (2.22),0.18,,5.92 (2.46),0.13,,6.09 (2.26)
A four footed animal,Wolf,0.15,,6.30 (2.94),0.16,,6.84 (3.46),0.18,,5.71 (2.97),0.12,,6.40 (2.22)
A four footed animal,Zebra,0.15,,6.06 (2.53),0.17,0.01,5.64 (3.00),0.13,,7.00 (2.11),0.14,,5.75 (2.22)
A four footed animal,Donkey,0.13,,6.25 (2.65),0.10,,7.25 (3.41),0.14,,6.90 (2.30),0.15,,5.07 (2.10)
A four footed animal,Rabbit,0.12,0.01,5.21 (2.50),0.12,,5.60 (2.32),0.13,0.01,5.30 (2.41),0.11,0.02,4.66 (2.96)
A four footed animal,Raccoon,0.12,,6.31 (2.63),0.12,,6.70 (3.16),0.18,,5.64 (2.37),0.06,,7.40 (2.07)
A four footed animal,Squirrel,0.09,,6.17 (2.71),0.06,,4.60 (1.82),0.13,,7.40 (2.59),0.10,,5.62 (2.88)
A four footed animal,Coyote,0.08,,6.70 (2.66),0.05,,7.00 (3.46),0.11,,5.88 (2.62),0.08,,7.57 (2.30)
A four footed animal,Cougar,0.08,,8.53 (2.95),0.04,,6.33 (0.58),0.09,,9.71 (3.45),0.11,,8.33 (2.74)
A four footed animal,Moose,0.08,,6.58 (2.17),0.07,,7.50 (2.26),0.06,,6.20 (2.59),0.10,,6.12 (1.89)
A four footed animal,Cheetah,0.08,,7.11 (3.18),0.07,0.01,5.83 (3.82),0.08,,8.33 (3.33),0.08,,7.14 (2.41)
A four footed animal,Rhinoceros,0.08,,8.58 (2.89),0.10,,9.37 (3.93),0.06,,8.00 (1.87),0.07,,8.00 (2.00)
A four footed animal,Fox,0.08,,5.74 (2.90),0.05,,8.00 (4.32),0.13,0.01,5.50 (2.42),0.06,,4.40 (1.82)
A four footed animal,Opossum,0.07,,6.17 (2.66),0.07,,6.00 (2.53),0.11,,5.33 (2.35),0.04,,9.00 (2.65)
A four footed animal,Mule,0.06,,6.57 (2.79),0.02,,9.50 (3.54),0.04,,7.66 (2.52),0.11,,5.55 (2.40)
A four footed animal,Hippopotamus,0.05,,7.92 (3.64),0.07,,8.16 (4.07),0.05,0.01,6.25 (4.11),0.04,,9.66 (1.53)
A fruit,Apple,0.94,0.57,1.87 (1.46),0.92,0.49,1.96 (1.45),0.95,0.62,1.78 (1.53),0.96,0.61,1.86 (1.43)
A fruit,Orange,0.75,0.09,3.12 (1.87),0.67,0.06,3.14 (1.77),0.90,0.11,3.21 (2.16),0.71,0.10,2.98 (1.59)
A fruit,Banana,0.67,0.11,3.53 (2.09),0.75,0.17,3.41 (2.23),0.75,0.08,3.83 (2.12),0.55,0.08,3.28 (1.85)
A fruit,Pear,0.50,0.04,3.87 (2.40),0.42,0.01,4.68 (2.77),0.53,0.01,4.11 (2.19),0.56,0.10,3.04 (2.05)
A fruit,Strawberry,0.45,0.02,5.16 (2.49),0.58,0.04,5.06 (2.76),0.43,0.01,5.29 (2.33),0.36,0.01,5.16 (2.26)
A fruit,Grape,0.44,0.02,4.95 (2.25),0.49,0.02,4.65 (2.37),0.44,0.03,5.05 (2.41),0.40,,5.17 (1.93)
A fruit,Kiwi,0.38,0.02,5.66 (2.45),0.39,0.02,5.37 (2.88),0.43,0.01,6.17 (2.37),0.32,0.01,5.33 (1.92)
A fruit,Peach,0.35,0.02,5.23 (2.68),0.30,0.01,5.96 (3.01),0.34,0.04,5.37 (2.88),0.40,0.01,4.58 (2.12)
A fruit,Blueberry,0.33,,6.76 (2.20),0.33,,6.59 (2.08),0.37,,7.06 (2.48),0.32,,6.59 (2.02)
A fruit,Watermelon,0.24,,6.31 (2.97),0.28,0.01,6.21 (3.23),0.28,,6.59 (3.07),0.17,,6.00 (2.48)
A fruit,Lemon,0.23,0.01,5.40 (2.28),0.17,,6.35 (2.34),0.27,,5.38 (2.11),0.27,0.02,4.82 (2.29)
A fruit,Plum,0.23,,5.47 (2.45),0.23,0.01,5.57 (2.95),0.22,,5.52 (2.45),0.25,,5.33 (2.03)
A fruit,Pineapple,0.22,0.01,6.35 (3.18),0.27,0.02,5.40 (3.50),0.32,0.01,7.40 (2.96),0.10,,5.62 (1.92)
A fruit,Cherry,0.21,,5.49 (2.59),0.23,,5.73 (2.66),0.22,,6.23 (2.51),0.18,,4.33 (2.32)
A fruit,Tomato,0.20,0.03,5.26 (2.84),0.19,0.05,5.56 (3.65),0.19,0.01,6.13 (2.59),0.23,0.02,4.31 (2.00)
A fruit,Lime,0.19,,5.91 (2.37),0.12,,6.70 (2.31),0.19,,6.00 (2.04),0.25,0.01,5.47 (2.62)
A fruit,Mango,0.18,0.01,6.07 (2.94),0.14,0.01,6.33 (4.44),0.22,0.03,5.64 (2.79),0.19,,6.31 (1.54)
A fruit,Raspberry,0.17,,7.26 (2.29),0.20,,7.17 (1.74),0.19,0.01,7.26 (2.81),0.12,,7.40 (2.46)
A fruit,Grapefruit,0.15,,6.65 (2.42),0.18,,7.06 (2.79),0.13,,7.10 (2.38),0.14,,5.75 (1.82)
A fruit,Cantaloupe,0.13,,6.78 (2.52),0.12,0.01,7.00 (3.13),0.16,,6.84 (2.67),0.11,,6.44 (1.67)
A fruit,Apricot,0.09,,6.22 (1.76),0.07,,7.00 (2.10),0.09,,6.00 (1.83),0.12,,5.90 (1.52)
A fruit,Blackberry,0.09,,8.09 (1.63),0.12,,8.30 (1.57),0.06,,8.00 (1.58),0.08,,7.85 (1.95)
A fruit,Tangerine,0.08,,6.16 (2.87),0.06,,8.40 (3.05),0.11,,5.77 (2.54),0.06,,4.60 (2.30)
A fruit,Melon,0.07,0.01,6.18 (2.77),0.08,,6.57 (2.99),0.06,,6.40 (3.71),0.06,,5.40 (1.52)
A gardener’s tool,Shovel,0.82,0.28,2.25 (1.27),0.84,0.30,2.25 (1.28),0.84,0.32,2.18 (1.33),0.81,0.24,2.29 (1.22)
A gardener’s tool,Rake,0.73,0.21,2.41 (1.41),0.65,0.17,2.33 (1.21),0.72,0.20,2.35 (1.26),0.85,0.26,2.52 (1.66)
A gardener’s tool,Hoe,0.69,0.33,1.91 (1.16),0.69,0.34,1.84 (1.01),0.72,0.35,1.98 (1.29),0.67,0.32,1.91 (1.18)
A gardener’s tool,Spade,0.33,0.05,3.06 (1.53),0.23,0.05,3.00 (1.63),0.30,0.03,3.62 (1.56),0.45,0.08,2.73 (1.39)
A gardener’s tool,Trowel,0.23,0.03,3.29 (1.50),0.14,0.01,3.08 (1.44),0.25,0.05,3.20 (1.61),0.29,0.04,3.45 (1.47)
A gardener’s tool,Gloves,0.21,,4.46 (1.67),0.27,0.01,3.95 (1.73),0.18,,5.21 (1.58),0.19,,4.50 (1.51)
A gardener’s tool,Lawnmower,0.17,,4.39 (1.58),0.10,0.01,3.87 (1.73),0.18,,4.42 (1.45),0.23,,4.57 (1.64)
A gardener’s tool,Hose,0.15,0.01,4.16 (1.53),0.13,0.01,3.27 (1.27),0.20,,5.00 (1.32),0.13,0.01,3.81 (1.54)
A gardener’s tool,Wheelbarrow,0.10,,4.60 (1.22),0.08,,4.28 (0.95),0.13,,4.30 (1.16),0.10,,5.25 (1.39)
A gardener’s tool,Rototiller,0.09,,4.05 (1.21),0.06,,4.20 (0.84),0.10,,3.75 (1.49),0.11,,4.22 (1.20)
A gardener’s tool,Clippers,0.07,0.01,4.06 (1.43),0.07,0.02,3.50 (2.07),0.05,,4.75 (0.96),0.10,,4.12 (0.99)
A gardener’s tool,Bucket,0.07,,4.61 (1.69),0.07,,5.33 (2.34),0.06,,4.00 (1.22),0.08,,4.42 (1.27)
A gardener’s tool,Pick,0.05,,3.46 (1.20),0.05,0.01,2.50 (1.29),0.05,,3.75 (0.50),0.06,,4.00 (1.22)
A gardener’s tool,Shears,0.05,0.01,3.77 (1.69),0.05,0.01,3.50 (1.73),0.08,0.01,4.00 (1.79),0.04,,3.66 (2.08)
A kitchen utensil,Spoon,0.87,0.31,2.14 (1.13),0.89,0.36,2.06 (1.09),0.92,0.30,2.20 (1.28),0.82,0.26,2.15 (1.01)
A kitchen utensil,Knife,0.84,0.25,2.44 (1.26),0.83,0.18,2.47 (1.08),0.86,0.16,2.79 (1.40),0.86,0.39,2.06 (1.20)
A kitchen utensil,Fork,0.84,0.26,2.11 (1.13),0.84,0.30,1.94 (0.98),0.89,0.33,2.11 (1.29),0.81,0.15,2.26 (1.10)
A kitchen utensil,Spatula,0.60,0.13,3.31 (1.61),0.52,0.11,3.39 (1.68),0.70,0.14,3.18 (1.50),0.60,0.14,3.38 (1.68)
A kitchen utensil,Ladle,0.30,,4.37 (1.44),0.34,,4.57 (1.64),0.29,,4.43 (1.34),0.29,0.01,4.08 (1.28)
A kitchen utensil,Whisk,0.24,0.02,4.61 (1.80),0.27,0.04,4.54 (2.04),0.27,0.03,4.23 (1.58),0.19,,5.18 (1.68)
A kitchen utensil,Pan,0.17,0.01,5.67 (2.07),0.19,,5.75 (1.77),0.08,,6.66 (2.34),0.25,0.02,5.33 (2.20)
A kitchen utensil,Pot,0.13,,5.64 (1.58),0.17,,5.71 (1.59),0.05,,5.25 (2.36),0.18,,5.66 (1.45)
A kitchen utensil,Tongs,0.12,,4.90 (1.42),0.14,,5.00 (1.86),0.13,,4.80 (0.79),0.10,,4.87 (1.46)
A kitchen utensil,Strainer,0.07,,5.17 (1.04),0.04,,5.66 (0.58),0.06,,5.40 (1.14),0.12,,4.90 (1.10)
A kitchen utensil,Bowl,0.07,,5.89 (2.03),0.06,,6.80 (1.79),0.06,,6.00 (2.35),0.10,,5.25 (1.98)
A kitchen utensil,Plate,0.06,,5.67 (1.84),0.11,,5.66 (1.66),0.04,,5.33 (0.58),0.04,,6.00 (3.46)
A kitchen utensil,Masher,0.05,,5.00 (1.29),0.02,,5.00 (1.41),0.08,,4.83 (1.60),0.06,,5.20 (1.10)
A kitchen utensil,Grater,0.05,,5.08 (1.19),0.05,,4.75 (0.50),0.06,,5.20 (1.64),0.05,,5.25 (1.26)
A member of the clergy,Priest,0.82,0.51,1.64 (1.01),0.76,0.53,1.39 (0.68),0.89,0.53,1.70 (1.03),0.85,0.48,1.80 (1.19)
A member of the clergy,Pastor,0.44,0.16,2.32 (1.51),0.31,0.12,2.19 (1.30),0.49,0.18,2.43 (1.71),0.54,0.19,2.28 (1.46)
A member of the clergy,Pope,0.42,0.07,3.67 (1.75),0.47,0.08,3.15 (1.44),0.44,0.10,3.77 (1.88),0.37,0.02,4.19 (1.82)
A member of the clergy,Bishop,0.33,0.02,3.35 (1.38),0.43,0.04,3.22 (1.42),0.27,0.01,3.47 (1.17),0.30,0.02,3.44 (1.53)
A member of the clergy,Nun,0.27,0.02,3.43 (1.70),0.18,,3.20 (1.47),0.37,0.05,3.13 (1.57),0.29,0.01,3.91 (1.91)
A member of the clergy,Minister,0.27,0.06,3.17 (1.96),0.14,0.02,4.08 (2.39),0.19,0.03,2.80 (1.37),0.46,0.14,3.02 (1.97)
A member of the clergy,Deacon,0.25,0.01,3.44 (1.70),0.27,0.04,3.13 (1.61),0.23,,3.61 (2.12),0.27,,3.60 (1.44)
A member of the clergy,Cardinal,0.24,0.01,3.97 (1.50),0.28,,3.52 (1.04),0.23,,3.88 (1.53),0.21,0.02,4.61 (1.79)
A member of the clergy,Rabbi,0.22,0.03,3.24 (1.40),0.06,,2.40 (0.55),0.25,0.03,3.80 (1.58),0.36,0.06,3.00 (1.26)
A member of the clergy,Preacher,0.17,0.03,2.81 (1.53),0.08,0.04,3.00 (2.52),0.27,0.04,2.85 (1.49),0.17,0.01,2.64 (1.01)
A member of the clergy,Reverend,0.14,,3.74 (1.67),0.11,,4.66 (1.73),0.14,0.01,3.45 (1.37),0.18,,3.40 (1.72)
A member of the clergy,Father,0.12,,3.48 (1.15),0.08,,3.28 (1.25),0.14,,3.63 (1.12),0.13,,3.45 (1.21)
A member of the clergy,Monk,0.07,,5.06 (1.70),0.04,,4.00 (1.00),0.11,,5.00 (1.50),0.07,,5.66 (2.16)
A member of the clergy,Imam,0.07,,4.24 (0.97),0.02,,3.00 (0.00),0.08,,3.83 (0.75),0.11,,4.77 (0.83)
A member of the clergy,Archbishop,0.06,,4.33 (1.84),0.05,,3.25 (1.50),0.08,,3.83 (1.47),0.06,,5.80 (1.79)
A member of the clergy,Elder,0.06,,4.79 (1.84),0.08,0.01,4.28 (1.89),0.05,,5.50 (1.29),0.04,,5.00 (2.65)
A metal,Steel,0.69,0.16,2.99 (1.76),0.69,0.19,2.94 (1.89),0.73,0.16,3.08 (1.88),0.68,0.12,2.92 (1.52)
A metal,Iron,0.61,0.29,2.49 (1.85),0.58,0.24,2.35 (1.44),0.63,0.29,2.76 (2.16),0.64,0.35,2.35 (1.87)
A metal,Gold,0.60,0.18,2.93 (1.79),0.60,0.17,2.78 (1.82),0.59,0.13,3.27 (1.80),0.61,0.24,2.76 (1.73)
A metal,Silver,0.56,0.06,3.50 (1.72),0.54,0.11,3.40 (1.85),0.53,0.04,3.66 (1.60),0.62,0.02,3.44 (1.72)
A metal,Copper,0.56,0.07,3.55 (1.90),0.53,0.07,3.86 (2.02),0.66,0.08,3.34 (1.87),0.51,0.06,3.48 (1.82)
A metal,Aluminum,0.56,0.06,3.57 (1.94),0.43,0.08,3.08 (1.90),0.63,0.08,3.48 (1.92),0.62,0.04,3.98 (1.95)
A metal,Tin,0.28,0.06,3.56 (1.98),0.23,0.04,3.63 (2.06),0.35,0.10,3.00 (1.85),0.27,0.04,4.17 (1.95)
A metal,Platinum,0.21,,4.63 (1.48),0.19,,4.93 (1.65),0.18,,4.28 (1.27),0.25,,4.61 (1.50)
A metal,Bronze,0.19,0.01,4.36 (1.95),0.24,,4.00 (1.49),0.18,0.04,4.07 (2.37),0.15,,5.23 (1.96)
A metal,Brass,0.15,,4.34 (2.04),0.16,,4.53 (1.61),0.16,,4.38 (1.85),0.14,0.01,4.08 (2.71)
A metal,Nickel,0.13,0.02,4.06 (2.30),0.16,0.02,5.07 (2.63),0.13,0.04,3.40 (2.27),0.11,0.01,3.33 (1.22)
A metal,Titanium,0.11,,5.18 (2.06),0.14,,4.83 (2.08),0.11,,5.22 (1.56),0.08,0.01,5.71 (2.69)
A metal,Lead,0.10,0.01,4.20 (1.78),0.11,0.01,4.33 (2.00),0.08,0.01,4.83 (1.94),0.12,0.01,3.70 (1.49)
A metal,Zinc,0.10,,5.13 (2.03),0.07,,5.16 (2.40),0.10,,5.50 (2.14),0.12,,4.80 (1.87)
A military title,Sergeant,0.71,0.19,2.74 (1.65),0.75,0.24,2.22 (1.36),0.67,0.16,2.98 (1.75),0.73,0.17,3.04 (1.72)
A military title,General,0.62,0.24,2.61 (1.76),0.46,0.20,2.34 (1.79),0.67,0.27,2.52 (1.62),0.74,0.25,2.85 (1.84)
A military title,Private,0.50,0.17,2.86 (1.82),0.41,0.14,2.47 (1.46),0.58,0.19,3.08 (2.10),0.54,0.17,2.93 (1.76)
A military title,Captain,0.45,0.13,2.87 (1.67),0.33,0.13,2.70 (1.92),0.49,0.10,2.94 (1.45),0.54,0.14,2.91 (1.72)
A military title,Lieutenant,0.41,0.02,3.73 (1.55),0.42,0.01,3.42 (1.14),0.37,0.01,3.75 (1.66),0.44,0.02,4.00 (1.78)
A military title,Colonel,0.37,0.08,2.81 (1.67),0.31,0.04,3.15 (1.41),0.37,0.09,2.62 (1.76),0.43,0.13,2.72 (1.78)
A military title,Corporal,0.36,0.02,3.47 (1.70),0.29,0.04,2.87 (1.30),0.34,,3.74 (1.65),0.45,0.02,3.65 (1.89)
A military title,Major,0.27,0.01,3.88 (1.46),0.19,0.01,4.18 (1.72),0.28,0.01,3.68 (1.59),0.36,0.01,3.86 (1.22)
A military title,Commander,0.19,0.04,3.26 (2.02),0.20,0.06,2.64 (1.41),0.24,0.05,3.05 (1.51),0.12,0.02,4.70 (3.02)
A military title,Admiral,0.18,0.02,3.69 (2.05),0.10,,4.75 (2.31),0.18,0.03,3.42 (1.87),0.27,0.04,3.47 (2.04)
A military title,Officer,0.08,0.03,2.53 (1.54),0.12,0.05,2.50 (1.65),0.08,0.04,2.16 (1.47),0.04,,3.33 (1.53)
A military title,Soldier,0.06,0.02,2.93 (1.75),0.16,0.05,2.84 (1.86),0.03,,3.50 (0.71),,,
A musical instrument,Guitar,0.75,0.25,3.17 (2.32),0.77,0.27,2.85 (2.11),0.77,0.33,2.95 (2.34),0.74,0.15,3.70 (2.44)
A musical instrument,Piano,0.73,0.20,3.10 (2.31),0.67,0.19,3.25 (2.69),0.82,0.19,3.32 (2.33),0.70,0.23,2.71 (1.85)
A musical instrument,Drum,0.72,0.06,4.42 (2.56),0.81,0.12,3.97 (2.40),0.76,0.03,4.93 (2.71),0.61,0.05,4.39 (2.51)
A musical instrument,Flute,0.64,0.13,4.02 (2.62),0.65,0.13,3.51 (2.22),0.75,0.09,4.55 (2.60),0.55,0.18,3.91 (2.99)
A musical instrument,Violin,0.49,0.07,4.25 (2.65),0.45,0.02,4.83 (2.91),0.52,0.08,4.51 (2.63),0.52,0.11,3.50 (2.30)
A musical instrument,Trumpet,0.44,0.09,4.02 (2.54),0.42,0.08,4.05 (2.68),0.48,0.10,3.76 (2.28),0.44,0.08,4.24 (2.69)
A musical instrument,Clarinet,0.42,0.03,4.64 (2.58),0.42,0.04,5.00 (2.89),0.42,0.05,4.15 (2.22),0.42,0.01,4.74 (2.56)
A musical instrument,Saxophone,0.32,0.02,5.41 (2.69),0.31,,5.57 (2.63),0.33,0.03,5.03 (2.54),0.33,0.02,5.60 (2.95)
A musical instrument,Tuba,0.29,0.02,5.39 (2.86),0.31,0.04,5.30 (3.32),0.29,0.04,5.43 (2.28),0.27,,5.43 (2.69)
A musical instrument,Bass,0.27,,5.27 (2.50),0.34,,5.07 (2.58),0.22,,5.35 (3.08),0.25,,5.47 (1.91)
A musical instrument,Trombone,0.24,0.01,5.75 (2.93),0.23,0.01,5.10 (2.87),0.28,,5.45 (2.67),0.21,0.01,6.77 (3.19)
A musical instrument,Oboe,0.22,0.02,5.45 (2.87),0.17,,6.21 (2.67),0.24,0.03,5.47 (3.20),0.26,0.05,4.95 (2.70)
A musical instrument,Cello,0.22,0.02,4.83 (2.30),0.14,0.04,4.75 (3.05),0.25,0.01,5.00 (2.05),0.26,0.02,4.72 (2.14)
A musical instrument,Harp,0.18,0.02,4.66 (2.36),0.17,0.04,4.78 (2.61),0.15,0.03,5.00 (2.80),0.21,0.01,4.33 (1.91)
A musical instrument,Viola,0.15,0.01,6.03 (3.16),0.16,0.01,7.07 (3.38),0.14,,5.81 (2.71),0.17,0.01,5.21 (3.21)
A musical instrument,Organ,0.13,,6.52 (3.13),0.06,,10.20 (3.27),0.16,,6.38 (2.79),0.15,,5.23 (2.39)
A musical instrument,Piccolo,0.09,,7.26 (2.94),0.13,,7.45 (2.38),0.10,,6.12 (3.23),0.05,,9.00 (3.56)
A musical instrument,Horn,0.09,0.01,4.45(2.86),0.04,,4.66 (2.31),0.08,0.01,5.16 (3.87),0.15,0.02,4.07 (2.60)
A musical instrument,Banjo,0.09,,6.14 (2.42),0.06,,5.60 (3.51),0.08,,6.16 (2.23),0.13,,6.36 (2.16)
A musical instrument,Cymbal,0.08,,6.25 (2.77),0.10,0.01,6.62 (3.11),0.04,,7.66 (3.79),0.11,,5.44 (2.13)
A musical instrument,Xylophone,0.07,,8.24 (3.07),0.12,,8.80 (3.58),0.06,,7.60 (2.61),0.02,,7.00 (0.00)
A musical instrument,Harmonica,0.06,,6.25 (2.35),0.05,,6.50 (2.08),0.09,,6.42 (2.88),0.06,,5.80 (2.17)
A natural earth formation,Mountain,0.79,0.52,1.63 (1.09),0.72,0.46,1.73 (1.19),0.82,0.53,1.53 (0.89),0.85,0.57,1.61 (1.18)
A natural earth formation,River,0.39,0.03,3.49 (1.75),0.39,0.01,3.84 (1.97),0.35,0.01,3.64 (1.73),0.43,0.06,3.05 (1.49)
A natural earth formation,Valley,0.35,0.01,3.73 (1.74),0.35,,4.51 (1.79),0.35,,3.50 (1.58),0.37,0.02,3.19 (1.62)
A natural earth formation,Hill,0.32,0.03,3.91 (2.18),0.29,0.04,4.20 (2.34),0.34,0.01,3.88 (2.03),0.35,0.04,3.68 (2.22)
A natural earth formation,Lake,0.29,0.02,3.71 (1.70),0.30,0.02,3.72 (1.74),0.32,0.03,3.28 (1.40),0.27,0.01,4.17 (1.87)
A natural earth formation,Canyon,0.27,0.02,3.85 (1.99),0.27,0.02,4.31 (2.57),0.33,0.03,3.61 (1.47),0.24,0.02,3.65 (1.84)
A natural earth formation,Volcano,0.25,0.05,3.62 (2.39),0.27,0.07,3.95 (3.14),0.23,0.05,2.88 (1.41),0.27,0.04,3.86 (2.12)
A natural earth formation,Ocean,0.22,0.01,4.40 (1.99),0.25,,4.28 (2.17),0.25,0.01,4.45 (1.70),0.17,0.01,4.50 (2.21)
A natural earth formation,Rock,0.16,0.09,2.18 (1.73),0.19,0.11,2.25 (1.88),0.16,0.10,1.84 (1.28),0.12,0.07,2.50 (2.07)
A natural earth formation,Cave,0.14,0.04,3.91 (2.69),0.13,0.01,4.18 (2.64),0.16,0.06,3.61 (2.87),0.13,0.04,4.00 (2.76)
A natural earth formation,Cliff,0.13,0.01,3.44 (1.78),0.10,,4.25 (1.83),0.16,0.03,3.53 (1.76),0.13,0.01,2.72 (1.62)
A natural earth formation,Plateau,0.10,,3.92 (2.17),0.12,0.01,3.90 (1.97),0.06,,4.00 (2.83),0.11,,3.88 (2.26)
A natural earth formation,Mesa,0.09,0.02,3.48 (2.00),0.04,0.01,3.33 (2.52),0.09,0.01,3.14 (2.04),0.15,0.02,3.69 (2.02)
A natural earth formation,Stream,0.09,,4.59 (1.56),0.10,,5.12 (1.96),0.10,,4.87 (1.13),0.07,,3.50 (1.05)
A natural earth formation,Plain,0.08,,5.05 (2.12),0.06,,7.60 (0.89),0.05,,3.25 (0.96),0.12,,4.50 (1.72)
A natural earth formation,Desert,0.07,,4.71 (1.69),0.07,,4.16 (1.83),0.06,,4.20 (1.92),0.07,,5.66 (1.03)
A natural earth formation,Glacier,0.06,,4.40 (1.92),0.05,0.01,3.75 (3.10),0.06,,4.00 (1.22),0.07,,5.16 (1.47)
A natural earth formation,Island,0.06,,5.27 (2.94),0.12,0.01,5.00 (2.94),0.04,,7.33 (3.06),0.02,,3.50 (2.12)
A part of a building,Roof,0.65,0.19,3.28 (2.40),0.59,0.13,3.65 (2.61),0.68,0.22,3.42 (2.51),0.69,0.24,2.82 (2.07)
A part of a building,Window,0.63,0.06,3.50 (1.96),0.59,0.05,3.81 (2.05),0.65,0.09,2.78 (1.67),0.68,0.05,3.85 (1.98)
A part of a building,Door,0.58,0.20,2.83 (2.04),0.54,0.16,3.04 (2.22),0.58,0.25,2.43 (1.86),0.63,0.20,3.00 (2.03)
A part of a building,Wall,0.48,0.07,3.44 (2.02),0.41,0.05,4.08 (2.15),0.59,0.10,3.44 (2.03),0.46,0.07,2.87 (1.76)
A part of a building,Floor,0.44,0.05,3.75 (2.01),0.39,0.06,4.09 (2.58),0.49,0.05,3.87 (1.85),0.46,0.05,3.35 (1.58)
A part of a building,Ceiling,0.27,0.01,5.21 (2.06),0.22,0.01,6.11 (2.97),0.33,0.01,5.15 (1.54),0.29,,4.58 (1.50)
A part of a building,Basement,0.26,0.04,4.63 (2.67),0.33,0.10,3.59 (2.32),0.22,0.01,4.82 (2.51),0.25,0.02,5.80 (2.80)
A part of a building,Stairs,0.25,0.01,4.89 (2.31),0.29,,5.20 (2.67),0.25,0.01,4.95 (2.35),0.21,0.01,4.38 (1.72)
A part of a building,Elevator,0.20,0.01,5.04 (2.20),0.23,0.01,5.73 (2.33),0.20,0.01,5.25 (1.81),0.17,0.01,3.85 (2.07)
A part of a building,Room,0.18,0.02,3.89 (2.14),0.10,0.01,4.75 (3.06),0.25,0.03,3.75 (1.89),0.20,0.02,3.64 (1.97)
A part of a building,Foundation,0.14,0.02,4.12 (2.32),0.11,,4.44 (2.60),0.13,0.03,4.00 (2.45),0.18,0.04,4.00 (2.20)
A part of a building,Bathroom,0.13,0.01,4.23 (2.16),0.19,0.02,3.25 (2.05),0.11,,5.44 (2.30),0.07,,5.00 (0.63)
A part of a building,Hallway,0.11,0.01,4.25 (2.20),0.08,0.01,3.57 (2.44),0.13,0.01,4.20 (1.69),0.13,0.01,4.72 (2.53)
A part of a building,Entrance,0.10,0.05,2.81 (2.50),0.11,0.07,1.44 (0.73),0.08,0.01,5.00 (3.85),0.13,0.06,2.72 (1.79)
A part of a building,Attic,0.09,0.01,6.09 (2.66),0.11,,5.44 (2.24),0.11,0.01,6.66 (2.78),0.06,0.01,6.20 (3.42)
A part of a building,Office,0.08,0.01,4.57 (2.13),0.13,0.01,4.54 (2.46),0.05,0.01,3.00 (1.41),0.07,,5.66 (1.21)
A part of a building,Lobby,0.07,0.01,3.76 (1.92),0.12,0.04,3.20 (2.10),0.05,,4.25 (0.96),0.04,,5.00 (2.00)
A part of a building,Brick,0.06,0.01,4.88 (2.99),0.10,0.01,5.62 (3.58),0.05,,3.75 (1.71),0.05,0.01,4.50 (2.89)
A part of a building,Kitchen,0.06,,4.13 (1.93),0.13,,4.45 (1.97),0.03,,3.00 (0.00),0.04,0.01,3.66 (2.52)
A part of a building,Beam,0.06,0.01,4.67 (2.50),0.04,0.02,3.00 (3.46),0.10,0.01,4.50 (2.39),0.05,,6.25 (1.26)
A part of a building,Siding,0.06,,5.71 (2.55),0.04,,4.66 (2.89),0.05,,7.50 (3.42),0.08,,5.14 (1.57)
A part of a building,Chimney,0.05,0.01,4.38 (2.33),0.06,0.02,3.60 (3.21),0.03,,5.00 (1.41),0.07,,4.83 (1.83)
A part of the human body,Arm,0.82,0.31,3.50 (2.95),0.78,0.33,3.55 (3.11),0.86,0.30,3.47 (3.15),0.83,0.32,3.48 (2.64)
A part of the human body,Leg,0.80,0.07,3.96 (2.84),0.80,0.07,4.31 (3.48),0.86,0.11,3.39 (2.23),0.76,0.02,4.18 (2.63)
A part of the human body,Head,0.69,0.21,4.52 (3.63),0.75,0.24,4.85 (4.12),0.72,0.22,4.29 (3.44),0.61,0.19,4.35 (3.21)
A part of the human body,Finger,0.63,0.05,6.77 (3.42),0.64,0.02,7.58 (3.76),0.71,0.09,6.30 (3.26),0.55,0.04,6.41 (3.09)
A part of the human body,Foot,0.59,0.04,5.26 (3.17),0.53,0.05,6.11 (3.65),0.61,0.05,4.62 (2.79),0.65,0.02,5.12 (2.98)
A part of the human body,Toe,0.57,0.04,6.57 (3.41),0.54,0.01,7.11 (3.47),0.70,0.04,6.61 (3.31),0.50,0.06,5.92 (3.45)
A part of the human body,Hand,0.54,0.04,4.87 (2.92),0.57,,5.59 (2.85),0.58,0.04,4.97 (3.14),0.49,0.07,3.90 (2.51)
A part of the human body,Eye,0.52,0.06,6.05 (3.78),0.54,0.06,6.48 (4.12),0.51,0.01,6.35 (3.61),0.52,0.10,5.31 (3.54)
A part of the human body,Ear,0.50,0.03,6.82 (3.59),0.59,0.02,6.71 (3.58),0.46,0.04,6.83 (3.63),0.48,0.02,6.95 (3.66)
A part of the human body,Nose,0.48,0.03,6.64 (3.67),0.60,0.05,6.66 (4.26),0.39,0.01,7.00 (2.85),0.46,0.02,6.33 (3.50)
A part of the human body,Knee,0.33,,7.93 (3.76),0.35,,7.68 (4.30),0.34,,8.29 (3.67),0.30,,7.80 (3.27)
A part of the human body,Mouth,0.28,,8.59 (3.87),0.37,,9.16 (4.52),0.23,,8.05 (2.98),0.25,,8.19 (3.53)
A part of the human body,Neck,0.27,,7.36 (3.70),0.28,,8.39 (4.58),0.30,,7.20 (3.13),0.24,,6.35 (3.01)
A part of the human body,Heart,0.26,0.03,7.00 (3.95),0.23,0.04,7.00 (5.21),0.22,0.01,7.05 (3.36),0.33,0.04,6.96 (3.42)
A part of the human body,Stomach,0.25,0.02,7.90 (3.83),0.29,0.02,7.91 (4.04),0.25,0.01,8.10 (3.82),0.20,0.01,7.64 (3.76)
A part of the human body,Elbow,0.24,0.01,9.66 (3.84),0.25,0.01,10.23 (4.31),0.33,,10.30 (3.20),0.14,0.01,7.25 (3.60)
A part of the human body,Ankle,0.18,,7.86 (3.85),0.16,,6.92 (4.11),0.20,,8.50 (3.74),0.18,,8.00 (3.84)
A part of the human body,Shoulder,0.17,,8.12 (4.53),0.19,,9.68 (4.92),0.19,,7.06 (4.45),0.12,,7.20 (3.58)
A part of the human body,Torso,0.15,,6.03 (2.65),0.12,,7.50 (2.42),0.16,,5.38 (2.40),0.15,,5.53 (2.79)
A part of the human body,Lungs,0.14,,8.09 (4.18),0.18,0.01,8.06 (4.68),0.11,,10.11 (2.98),0.13,,6.45 (3.86)
A part of the human body,Hair,0.14,,9.51 (4.33),0.19,,9.18 (5.08),0.13,,9.40 (3.81),0.11,,10.22 (3.77)
A part of the human body,Liver,0.13,,7.85 (3.83),0.14,0.01,7.58 (4.60),0.10,,8.75 (4.30),0.15,,7.53 (2.85)
A part of the human body,Brain,0.13,0.02,6.16 (3.78),0.11,,8.41 (3.12),0.11,0.04,7.55 (5.08),0.17,0.01,8.72 (3.19)
A part of the human body,Back,0.13,,8.28 (3.26),0.14,,5.33 (3.29),0.11,,7.55 (2.74),0.13,,5.78 (3.77)
A part of the human body,Tongue,0.11,,9.48 (4.42),0.13,,10.09 (4.25),0.10,,9.75 (4.40),0.10,,8.37 (5.04)
A part of the human body,Thigh,0.10,,8.15 (3.18),0.12,,7.70 (3.27),0.14,,8.36 (3.53),0.06,,8.60 (2.70)
A part of the human body,Kidney,0.10,0.01,8.00 (4.17),0.08,0.01,8.28 (5.09),0.09,0.01,8.00 (4.76),0.12,,7.80 (3.46)
A part of the human body,Lip,0.10,,7.25 (4.11),0.14,,7.33 (4.77),0.04,,7.66 (2.89),0.11,,7.00 (3.87)
A part of the human body,Wrist,0.09,,8.73 (3.49),0.06,,8.40 (4.39),0.18,,9.14 (3.57),0.04,,7.33 (1.53)
A part of the human body,Buttocks,0.08,,10.19 (3.46),0.14,,11.00 (3.88),0.06,,8.20 (2.95),0.05,,10.25 (1.89)
A part of the human body,Breast,0.08,,8.26 (3.51),0.06,,6.60 (3.51),0.11,,9.22 (3.70),0.06,,8.20 (3.19)
A part of the human body,Chest,0.08,,7.89 (2.77),0.08,,7.28 (3.68),0.10,,8.37 (2.32),0.05,,8.00 (2.16)
A part of the human body,Hip,0.08,,8.84 (3.48),0.08,,8.14 (3.02),0.10,,10.00 (3.78),0.05,,7.75 (3.86)
A part of the human body,Teeth,0.07,,9.56 (3.71),0.12,,7.80 (3.55),0.08,,12.00 (3.10),0.02,,11.00 (1.41)
A part of the human body,Face,0.06,,7.44 (4.55),0.04,,8.33 (7.50),0.10,,8.12 (3.40),0.06,,5.80 (4.92)
A part of the human body,Skin,0.06,0.02,8.07 (6.58),0.06,0.01,7.60 (6.31),0.05,,11.50 (6.45),0.06,0.04,5.80 (7.16)
A precious stone,Diamond,0.92,0.59,1.63 (1.05),0.88,0.54,1.69 (1.17),0.95,0.62,1.62 (1.06),0.95,0.62,1.57 (0.91)
A precious stone,Ruby,0.85,0.18,2.24 (1.05),0.83,0.13,2.44 (1.21),0.85,0.20,2.22 (1.04),0.89,0.21,2.06 (0.88)
A precious stone,Emerald,0.60,0.04,3.01 (1.13),0.54,0.05,2.97 (1.22),0.62,0.05,3.02 (1.15),0.64,0.04,3.01 (1.07)
A precious stone,Sapphire,0.52,0.01,3.71 (1.24),0.49,0.02,3.56 (1.27),0.56,,3.68 (1.18),0.54,0.01,3.86 (1.29)
A precious stone,Opal,0.29,0.05,3.76 (1.78),0.28,0.05,3.91 (1.98),0.29,0.03,4.00 (1.45),0.30,0.08,3.40 (1.89)
A precious stone,Amethyst,0.21,0.01,4.15 (1.90),0.27,0.01,4.13 (1.96),0.19,0.01,3.53 (2.17),0.19,,4.75 (1.39)
A precious stone,Pearl,0.18,,4.11 (1.75),0.19,0.01,3.87 (2.19),0.22,,4.58 (1.46),0.13,,3.72 (1.42)
A precious stone,Topaz,0.17,,4.40 (1.64),0.18,,4.13 (1.13),0.13,0.01,4.90 (2.33),0.20,,4.35 (1.58)
A precious stone,Garnet,0.13,,4.61 (1.84),0.12,0.01,4.80 (2.39),0.10,,4.37 (1.92),0.15,,4.61 (1.39)
A precious stone,Jade,0.12,0.01,4.27 (1.76),0.07,,4.50 (0.84),0.18,0.01,3.57 (1.60),0.12,0.01,5.10 (2.08)
A precious stone,Onyx,0.08,,5.00 (2.00),0.07,,5.16 (1.33),0.10,,5.37 (2.83),0.06,,4.20 (0.84)
A precious stone,Gem,0.06,0.04,1.80 (1.26),0.13,0.08,1.81 (1.40),,,,0.04,0.01,2.00 (1.00)
A precious stone,Turquoise,0.06,,5.07 (1.54),0.02,,3.00 (1.41),0.04,,5.66 (1.15),0.11,,5.33 (1.41)
A precious stone,Quartz,0.06,0.01,3.43 (1.79),0.07,0.01,4.33 (1.97),0.06,0.01,2.40 (0.89),0.04,0.01,3.33 (2.08)
A relative,Aunt,0.89,0.20,4.45 (2.58),0.87,0.16,4.63 (2.76),0.95,0.25,4.21 (2.47),0.87,0.20,4.49 (2.50)
A relative,Uncle,0.88,0.02,4.91 (2.39),0.86,0.04,5.01 (2.60),0.94,0.03,4.70 (2.19),0.87,0.01,5.02 (2.38)
A relative,Mother,0.88,0.40,2.77 (2.22),0.84,0.42,2.61 (2.16),0.91,0.46,2.72 (2.30),0.89,0.35,2.96 (2.21)
A relative,Father,0.87,0.07,3.48 (2.17),0.84,0.05,3.48 (2.15),0.91,0.05,3.50 (2.21),0.88,0.12,3.44 (2.18)
A relative,Brother,0.80,0.10,4.25 (2.13),0.83,0.10,4.52 (2.32),0.85,0.10,4.23 (2.08),0.75,0.10,3.95 (1.94)
A relative,Sister,0.79,0.05,4.05 (2.05),0.82,0.07,4.13 (2.16),0.85,,4.32 (2.00),0.74,0.08,3.64 (1.93)
A relative,Cousin,0.77,0.05,5.97 (2.87),0.90,0.11,5.84 (3.21),0.68,0.03,6.59 (2.70),0.75,0.02,5.60 (2.51)
A relative,Grandmother,0.59,0.01,7.33 (2.25),0.64,0.02,6.47 (2.41),0.66,,7.80 (1.90),0.49,,7.82 (2.17)
A relative,Grandfather,0.58,,7.85 (2.34),0.64,,7.11 (2.47),0.68,,8.51 (2.08),0.44,0.01,7.94 (2.27)
A relative,Nephew,0.33,,7.80 (2.70),0.39,,7.93 (2.95),0.30,,7.66 (2.60),0.31,,7.76 (2.57)
A relative,Niece,0.31,0.01,7.47 (2.62),0.34,,7.92 (2.79),0.32,,7.56 (2.57),0.30,0.02,6.88 (2.47)
A relative,Son,0.29,0.02,6.22 (3.32),0.24,,8.00 (2.75),0.29,0.03,6.69 (3.69),0.35,0.05,4.62 (2.66)
A relative,Daughter,0.28,,6.55 (3.39),0.23,,8.15 (3.39),0.28,,6.95 (3.70),0.33,,5.14 (2.58)
A relative,Husband,0.08,0.02,6.75 (4.28),0.08,0.01,7.28 (3.90),0.11,0.04,6.77 (4.84),0.05,0.01,5.75 (4.57)
A relative,Grandparent,0.06,,6.53 (2.44),0.05,,4.75 (2.75),0.08,,6.66 (2.66),0.06,,7.80 (1.10)
A science,Biology,0.70,0.33,1.85 (0.99),0.72,0.34,1.86 (1.02),0.76,0.37,1.75 (0.86),0.63,0.29,1.94 (1.12)
A science,Chemistry,0.57,0.14,2.36 (1.17),0.70,0.18,2.27 (1.09),0.56,0.15,2.36 (1.30),0.46,0.10,2.48 (1.14)
A science,Physics,0.41,0.06,3.21 (1.42),0.40,0.07,3.24 (1.58),0.38,0.04,3.43 (1.30),0.45,0.06,3.00 (1.36)
A science,Astronomy,0.31,0.06,3.38 (1.77),0.23,0.02,4.05 (2.12),0.30,0.05,3.08 (1.47),0.42,0.10,3.22 (1.70)
A science,Geology,0.21,0.04,2.88 (1.48),0.18,0.02,3.40 (1.64),0.22,0.04,2.88 (1.41),0.23,0.07,2.47 (1.35)
A science,Psychology,0.14,0.03,3.24 (1.94),0.19,0.04,3.56 (2.16),0.10,0.03,2.25 (1.28),0.12,0.02,3.50 (1.90)
A science,Medicine,0.13,0.04,3.32 (2.20),0.16,0.05,3.61 (2.36),0.09,0.01,3.57 (1.51),0.13,0.06,2.81 (2.44)
A science,Botany,0.07,0.02,3.17 (1.58),0.05,,3.75 (1.26),0.09,0.01,3.42 (1.51),0.08,0.04,2.57 (1.81)
A science,Anatomy,0.06,,3.67 (1.11),0.07,,3.83 (0.98),0.08,,3.66 (1.37),0.04,,3.33 (1.15)
A science,Mathematics,0.06,0.02,2.43 (1.16),,,,0.08,0.03,2.66 (1.37),0.08,0.02,2.28 (1.11)
A science,Meteorology,0.06,0.02,3.29 (2.02),0.07,0.01,4.16 (2.14),0.03,0.01,1.50 (0.71),0.07,0.02,3.00 (1.90)
A science,Zoology,0.05,0.01,3.62 (1.66),0.04,,3.66 (1.15),0.04,,4.66 (1.15),0.08,0.02,3.14 (1.95)
A snake,Rattlesnake,0.82,0.35,2.09 (1.31),0.80,0.31,2.07 (1.22),0.85,0.41,1.97 (1.16),0.83,0.36,2.22 (1.53)
A snake,Garden,0.60,0.10,3.25 (1.55),0.55,0.07,3.20 (1.47),0.62,0.09,3.35 (1.54),0.65,0.15,3.20 (1.66)
A snake,Cobra,0.49,0.15,2.74 (1.78),0.55,0.19,2.45 (1.41),0.52,0.15,2.65 (1.77),0.42,0.11,3.20 (2.16)
A snake,Python,0.41,0.05,3.54 (1.69),0.46,0.07,3.50 (1.96),0.34,0.05,3.59 (1.50),0.43,0.04,3.55 (1.56)
A snake,Copperhead,0.23,0.07,2.55 (1.56),0.14,,1.91 (1.24),0.32,,2.60 (1.73),0.25,,2.85 (1.46)
A snake,Black,0.18,0.01,3.68 (1.40),0.12,0.01,3.80 (1.48),0.15,0.01,3.83 (1.50),0.26,,3.54 (1.37)
A snake,Anaconda,0.13,0.01,4.00 (1.99),0.18,,3.66 (1.54),0.13,0.01,4.60 (2.22),0.10,0.01,3.87 (2.53)
A snake,Asp,0.13,0.05,3.06 (2.37),0.06,0.01,3.60 (2.97),0.13,,2.90 (2.13),0.20,0.02,3.00 (2.45)
A snake,Viper,0.13,0.02,3.65 (2.06),0.19,0.02,3.93 (1.77),0.11,0.04,3.33 (2.00),0.07,0.08,3.33 (3.01)
A snake,Cottonmouth,0.11,0.01,3.59 (1.85),0.07,0.02,3.16 (2.64),0.11,0.01,3.88 (1.56),0.14,0.04,3.58 (1.73)
A snake,Coral,0.10,0.02,3.92 (2.36),0.11,0.02,4.22 (2.77),0.09,,4.71 (1.11),0.12,,3.10 (2.49)
A snake,King,0.09,,4.68 (1.73),0.05,0.02,5.00 (3.16),0.13,,4.80 (1.48),0.10,0.04,4.37 (1.30)
A snake,Rat,0.08,,4.14 (1.77),0.06,0.01,4.60 (1.14),0.08,,3.83 (2.48),0.12,,4.10 (1.66)
A snake,Diamondback,0.08,0.02,3.20 (1.76),0.08,,4.00 (2.24),0.11,0.01,3.22 (1.27),0.05,,1.75 (0.96)
A snake,Green,0.06,,4.00 (1.61),,,,0.05,0.01,4.25 (1.71),0.13,0.02,4.00 (1.70)
A sport,Football,0.91,0.39,2.11 (1.39),0.90,0.47,2.16 (1.77),0.94,0.34,2.18 (1.26),0.90,0.36,1.98 (1.06)
A sport,Baseball,0.82,0.23,2.63 (1.62),0.76,0.14,2.85 (1.59),0.85,0.28,2.56 (1.80),0.88,0.29,2.50 (1.47)
A sport,Basketball,0.72,0.08,3.23 (1.74),0.78,0.06,3.38 (1.77),0.80,0.09,3.11 (1.50),0.60,0.10,3.18 (1.97)
A sport,Soccer,0.70,0.09,3.58 (1.90),0.72,0.10,3.40 (1.92),0.68,0.11,3.59 (1.96),0.70,0.07,3.74 (1.84)
A sport,Tennis,0.52,0.06,4.64 (2.31),0.59,0.07,4.53 (2.65),0.51,0.04,5.22 (2.31),0.48,0.07,4.20 (1.74)
A sport,Hockey,0.51,0.05,4.17 (1.79),0.47,0.06,3.89 (1.80),0.59,0.05,4.55 (1.90),0.49,0.04,4.00 (1.60)
A sport,Golf,0.29,0.02,4.90 (2.18),0.35,0.04,4.86 (2.17),0.27,0.01,5.61 (2.48),0.27,0.01,4.30 (1.77)
A sport,Swimming,0.22,,6.31 (2.23),0.20,,6.82 (2.30),0.27,,6.42 (2.40),0.19,0.01,5.62 (1.86)
A sport,Volleyball,0.17,0.01,6.00 (2.42),0.16,0.01,6.30 (3.20),0.22,,6.35 (2.09),0.14,0.01,5.16 (1.80)
A sport,Skiing,0.16,,6.50 (2.18),0.14,,6.66 (2.42),0.15,,6.33 (2.19),0.19,,6.50 (2.13)
A sport,Running,0.15,,6.73 (2.13),0.16,,7.15 (1.57),0.16,0.01,7.00 (2.68),0.13,,5.90 (1.92)
A sport,Rugby,0.15,0.01,5.47 (2.22),0.16,0.01,6.38 (2.53),0.14,0.01,5.09 (2.02),0.14,0.01,4.83 (1.85)
A sport,Lacrosse,0.14,,6.29 (2.20),0.14,,5.83 (2.41),0.15,,6.41 (2.57),0.13,,6.63 (2.41)
A sport,Track,0.11,,6.21 (2.78),0.11,,6.88 (3.26),0.13,,7.30 (2.06),0.11,,4.33 (2.18)
A sport,Softball,0.11,,5.46 (2.44),0.12,,5.50 (2.95),0.15,,5.33 (2.19),0.07,,5.66 (2.42)
A sport,Curling,0.10,,6.54 (2.53),0.14,,6.58 (3.34),0.08,,6.33 (2.07),0.10,,6.62 (1.51)
A sport,Cricket,0.10,,6.19 (1.81),0.16,,6.30 (1.97),0.09,,5.85 (1.57),0.07,,6.33 (1.97)
A sport,Gymnastics,0.08,,6.79 (2.53),0.11,0.01,6.11 (2.67),0.06,,6.80 (2.59),0.06,,8.00 (2.24)
A sport,Badminton,0.07,,7.06 (2.48),0.08,,8.57 (2.23),0.05,,5.75 (2.63),0.08,,6.28 (2.14)
A sport,Bowling,0.07,,5.29 (2.02),0.05,,4.75 (1.26),0.08,,4.66 (1.63),0.08,,6.14 (2.54)
A sport,Wrestling,0.07,,6.41 (2.65),0.07,,6.66 (1.75),0.09,,6.71 (2.69),0.05,,5.50 (4.04)
A sport,Racing,0.06,,7.14 (2.88),0.06,,7.20 (3.96),0.08,,7.16 (2.71),0.04,,7.00 (2.00)
A sport,Boxing,0.06,,6.07 (2.27),0.07,,7.33 (1.86),0.06,,5.20 (2.77),0.04,,5.00 (1.00)
A sport,Bicycling,0.05,,6.77 (2.31),0.04,,7.66 (1.15),0.09,,6.71 (3.09),0.04,,6.00 (0.00)
A substance for flavoring food,Salt,0.88,0.52,1.93 (1.46),0.83,0.51,1.81 (1.31),0.92,0.49,2.16 (1.66),0.89,0.56,1.80 (1.37)
A substance for flavoring food,Pepper,0.84,0.05,2.83 (1.49),0.82,0.06,2.83 (1.31),0.86,,3.13 (1.62),0.87,0.10,2.54 (1.47)
A substance for flavoring food,Garlic,0.40,0.04,3.72 (1.62),0.42,0.05,4.00 (1.89),0.43,0.06,3.20 (1.47),0.35,0.01,4.00 (1.28)
A substance for flavoring food,Spice,0.23,0.08,3.12 (2.24),0.18,0.06,3.33 (2.41),0.29,0.09,3.47 (2.50),0.24,0.10,2.55 (1.73)
A substance for flavoring food,Sugar,0.20,0.04,3.18 (2.13),0.25,0.04,2.90 (1.81),0.22,0.06,3.52 (2.74),0.13,0.01,3.18 (1.66)
A substance for flavoring food,Oregano,0.18,0.01,4.80 (2.13),0.18,,5.33 (2.47),0.16,,5.07 (1.50),0.20,0.02,4.11 (2.15)
A substance for flavoring food,Herbs,0.15,0.04,3.29 (2.17),0.11,0.02,3.77 (2.17),0.25,0.05,3.40 (2.33),0.11,0.04,2.55 (1.81)
A substance for flavoring food,Cinnamon,0.14,0.01,4.56 (2.36),0.10,,4.37 (2.50),0.19,0.03,4.53 (2.56),0.13,0.01,4.72 (2.20)
A substance for flavoring food,Paprika,0.13,,4.52 (1.80),0.19,0.01,4.43 (2.25),0.10,,4.37 (1.60),0.11,,4.77 (1.09)
A substance for flavoring food,Basil,0.11,,4.89 (1.85),0.07,,6.33 (1.75),0.10,,5.00 (1.41),0.17,,4.21 (1.85)
A substance for flavoring food,Thyme,0.11,,5.67 (1.62),0.08,,5.00 (1.63),0.10,,5.75 (1.67),0.14,,6.00 (1.60)
A substance for flavoring food,Lemon,0.11,,4.19 (1.62),0.10,,5.12 (1.96),0.18,0.01,3.78 (1.53),0.06,,3.80 (0.45)
A substance for flavoring food,Cumin,0.10,,6.00 (2.27),0.10,,6.87 (2.48),0.14,,6.09 (2.07),0.07,,4.66 (2.07)
A substance for flavoring food,Onion,0.10,,5.46 (2.48),0.10,0.01,5.87 (3.48),0.08,,6.33 (1.97),0.12,,4.60 (1.65)
A substance for flavoring food,Vanilla,0.09,0.05,2.52 (2.11),0.08,0.02,3.57 (2.94),0.10,0.08,1.50 (0.93),0.10,0.05,2.62 (1.85)
A substance for flavoring food,Rosemary,0.08,,5.76 (2.02),0.06,,6.40 (2.88),0.06,,7.40 (1.52),0.13,,4.72 (1.10)
A substance for flavoring food,Ketchup,0.08,0.02,3.60 (1.98),0.08,0.04,2.71 (2.14),0.06,,4.60 (2.07),0.10,0.01,3.75 (1.67)
A substance for flavoring food,Butter,0.08,,5.05 (2.17),0.06,,6.20 (2.39),0.13,,5.00 (2.00),0.05,0.01,3.75 (2.06)
A substance for flavoring food,Curry,0.07,,5.18 (2.90),0.08,,4.71 (2.21),0.08,,6.33 (3.88),0.05,0.01,4.25 (2.36)
A substance for flavoring food,Sauce,0.07,0.01,3.41 (1.91),0.08,0.01,3.42 (1.99),0.08,0.01,3.83 (2.32),0.05,0.01,2.75 (1.26)
A substance for flavoring food,Parsley,0.06,,4.63 (1.89),0.07,,4.50 (1.22),0.10,0.01,5.00 (2.45),0.02,,3.50 (0.71)
A substance for flavoring food,Turmeric,0.06,,5.60 (1.40),0.05,,4.75 (1.50),0.04,,6.00 (2.00),0.10,,5.87 (1.13)
A substance for flavoring food,Mustard,0.06,,4.36 (1.55),0.06,,4.20 (1.79),0.05,,4.75 (0.96),0.06,,4.20 (1.92)
A substance for flavoring food,Seasoning,0.05,0.01,2.85 (1.52),0.05,0.04,1.25 (0.50),0.04,,4.00 (1.00),0.07,,3.33 (1.37)
A substance for flavoring food,Sage,0.05,,5.00 (2.38),0.02,,6.50 (3.54),0.08,,5.50 (2.26),0.06,,3.80 (2.05)
A toy,Doll,0.62,0.21,2.60 (1.68),0.58,0.20,2.25 (1.28),0.65,0.22,2.92 (1.94),0.64,0.23,2.61 (1.71)
A toy,Ball,0.47,0.18,3.03 (2.28),0.49,0.17,3.00 (2.25),0.44,0.14,3.65 (2.50),0.48,0.23,2.52 (2.01)
A toy,Car,0.39,0.07,3.23 (1.84),0.42,0.12,2.68 (1.71),0.41,0.06,3.46 (1.70),0.36,0.04,3.60 (2.03)
A toy,Truck,0.24,0.02,3.34 (1.75),0.19,0.02,3.18 (1.87),0.28,0.04,3.22 (1.80),0.25,0.01,3.57 (1.66)
A toy,Legos,0.23,0.04,3.32 (1.83),0.27,0.05,3.59 (1.99),0.27,0.05,2.76 (1.55),0.15,0.04,3.76 (1.88)
A toy,Blocks,0.21,0.03,3.68 (1.98),0.19,0.01,4.68 (2.27),0.25,0.04,3.45 (1.85),0.20,0.04,3.00 (1.50)
A toy,Train,0.16,0.04,3.13 (1.57),0.16,0.04,3.07 (1.55),0.10,0.04,2.87 (1.81),0.23,0.04,3.26 (1.56)
A toy,Yoyo,0.13,0.04,2.70 (1.42),0.12,0.04,2.60 (1.43),0.15,0.06,2.75 (1.82),0.13,0.01,2.72 (1.01)
A toy,Top,0.12,0.05,2.27 (1.80),0.07,0.01,3.83 (2.56),0.11,0.06,1.55 (0.73),0.18,0.08,2.06 (1.62)
A toy,Puzzle,0.11,,4.00 (1.57),0.11,,4.00 (1.94),0.13,,4.00 (1.49),0.10,,4.00 (1.41)
A toy,Barbie,0.11,0.02,3.96 (2.14),0.23,0.05,3.94 (2.37),0.06,,3.40 (1.14),0.04,,5.00 (2.00)
A toy,Game,0.10,,3.88 (1.57),0.04,,3.66 (1.15),0.11,,4.22 (1.56),0.14,0.01,3.66 (1.72)
A toy,Bicycle,0.08,0.01,4.05 (2.71),0.07,0.02,2.33 (1.51),0.11,,4.55 (2.24),0.07,0.01,5.00 (3.74)
A toy,Soldier,0.06,,3.93 (1.64),0.02,,4.00 (1.41),0.05,,4.75 (1.71),0.10,0.01,3.50 (1.69)
A toy,Gun,0.06,,4.29 (1.73),0.04,,5.00 (3.00),0.04,,4.00 (2.00),0.10,,4.12 (1.25)
A toy,Jacks,0.06,,4.71 (2.02),0.04,,7.00 (1.00),0.04,,5.00 (1.00),0.10,0.01,3.75 (1.91)
A toy,Kite,0.05,0.02,3.00 (2.55),0.02,0.01,1.50 (0.71),0.08,0.01,4.66 (3.01),0.06,0.02,1.60 (0.55)
A tree,Oak,0.73,0.29,2.33 (1.78),0.70,0.25,2.39 (1.74),0.75,0.24,2.54 (1.77),0.75,0.38,2.07 (1.82)
A tree,Pine,0.62,0.12,3.40 (1.98),0.61,0.17,3.05 (2.09),0.59,0.14,3.40 (2.14),0.65,0.05,3.70 (1.69)
A tree,Maple,0.54,0.09,3.22 (1.83),0.46,0.06,2.84 (1.33),0.58,0.09,3.54 (1.93),0.60,0.12,3.20 (2.04)
A tree,Elm,0.33,0.13,2.37 (1.81),0.20,0.07,2.58 (1.94),0.38,0.15,2.20 (1.56),0.43,0.18,2.41 (1.98)
A tree,Apple,0.33,0.02,4.70 (2.18),0.30,0.04,4.00 (2.04),0.43,0.03,4.73 (2.09),0.26,0.01,5.45 (2.30)
A tree,Birch,0.26,0.05,4.05 (2.46),0.18,0.02,3.73 (2.09),0.34,0.05,4.51 (2.62),0.26,0.08,3.68 (2.50)
A tree,Palm,0.18,0.02,4.07 (1.87),0.28,0.01,3.86 (1.39),0.11,0.03,4.77 (2.54),0.14,0.01,3.91 (2.15)
A tree,Willow,0.17,0.02,4.26 (2.05),0.18,0.04,3.86 (1.81),0.13,0.01,4.90 (2.56),0.21,0.02,4.22 (1.96)
A tree,Fir,0.17,0.01,3.88 (1.96),0.17,0.04,3.42 (2.10),0.20,,3.81 (1.91),0.13,,4.54 (1.86)
A tree,Cherry,0.17,0.01,5.07 (2.21),0.18,0.01,5.40 (2.26),0.23,0.01,4.77 (1.83),0.10,,5.12 (3.00)
A tree,Spruce,0.15,0.03,3.84 (2.05),0.14,0.02,4.16 (2.12),0.22,0.05,3.76 (2.31),0.11,0.01,3.55 (1.51)
A tree,Redwood,0.14,0.01,4.54 (2.15),0.22,0.02,5.00 (2.57),0.10,,4.00 (1.78),0.11,,4.11 (1.36)
A tree,Cedar,0.13,,4.71 (1.95),0.10,,4.25 (1.28),0.10,,5.75 (2.60),0.18,,4.40 (1.76)
A tree,Peach,0.12,,5.57 (2.53),0.05,0.01,5.75 (3.59),0.16,,5.23 (2.17),0.15,,5.84 (2.70)
A tree,Pear,0.10,,6.19 (1.50),0.07,,6.33 (1.37),0.23,,6.22 (1.63),0.02,,5.50 (0.71)
A tree,Ash,0.10,0.01,4.17 (2.28),0.10,,5.75 (2.38),0.09,,3.28 (0.76),0.11,0.02,3.44 (2.40)
A tree,Dogwood,0.09,0.01,4.43 (2.25),0.11,0.01,4.66 (2.24),0.11,0.01,4.00 (2.60),0.06,,4.80 (1.92)
A tree,Poplar,0.09,,4.64 (2.01),0.05,,5.75 (0.96),0.10,0.01,3.50 (1.51),0.12,,5.10 (2.33)
A tree,Orange,0.09,,5.50 (2.48),0.11,,4.88 (2.03),0.11,,6.00 (2.60),0.05,,5.75 (3.50)
A tree,Walnut,0.08,,5.38 (2.73),0.08,0.01,5.42 (2.99),0.06,,4.40 (2.51),0.11,,5.88 (2.80)
A tree,Evergreen,0.08,,4.84 (1.77),0.10,,4.87 (2.23),0.04,,4.00 (1.00),0.10,,5.12 (1.55)
A tree,Pecan,0.06,0.01,4.20 (2.48),0.04,,5.33 (2.89),0.09,0.03,3.57 (2.44),0.06,,4.40 (2.61)
A tree,Sycamore,0.06,0.01,4.27 (2.69),0.06,0.04,2.00 (1.41),0.09,,5.28 (2.50),0.04,,5.66 (2.89)
A tree,Christmas,0.06,,4.93 (2.16),0.07,0.01,4.50 (2.66),0.03,,5.00 (2.83),0.07,,5.33 (1.75)
A tree,Hickory,0.06,,4.71 (1.78),0.05,,5.75 (1.89),0.08,,4.66 (1.97),0.05,,3.75 (0.96)
A type of fabric,Cotton,0.93,0.50,1.76 (1.07),0.93,0.53,1.57 (0.79),0.94,0.54,1.78 (1.21),0.94,0.43,1.94 (1.15)
A type of fabric,Silk,0.67,0.17,2.67 (1.60),0.69,0.17,2.59 (1.65),0.68,0.16,2.68 (1.54),0.65,0.19,2.74 (1.64)
A type of fabric,Polyester,0.50,0.02,3.77 (1.60),0.57,0.02,3.70 (1.72),0.58,0.01,3.67 (1.45),0.38,0.02,4.00 (1.65)
A type of fabric,Wool,0.48,0.08,3.09 (1.63),0.46,0.06,3.00 (1.38),0.47,0.10,3.40 (2.01),0.52,0.10,2.90 (1.46)
A type of fabric,Linen,0.23,0.04,3.14 (1.67),0.17,0.04,2.57 (1.40),0.23,0.04,3.16 (1.98),0.31,0.04,3.42 (1.55)
A type of fabric,Rayon,0.22,,3.91 (1.61),0.16,,4.00 (1.47),0.29,,4.26 (1.81),0.21,,3.38 (1.33)
A type of fabric,Denim,0.19,0.03,4.02 (2.27),0.13,0.05,3.27 (2.10),0.25,0.01,4.35 (1.98),0.20,0.04,4.11 (2.69)
A type of fabric,Nylon,0.19,0.01,3.83 (1.64),0.10,,4.25 (0.89),0.22,,3.76 (1.64),0.25,0.02,3.71 (1.87)
A type of fabric,Satin,0.16,0.03,3.63 (2.25),0.16,0.04,3.69 (2.50),0.23,0.03,3.66 (1.75),0.11,0.02,3.44 (2.96)
A type of fabric,Leather,0.12,0.01,4.13 (1.96),0.17,,4.07 (1.44),0.09,0.01,4.42 (2.94),0.11,0.01,4.00 (2.00)
A type of fabric,Velvet,0.08,,3.95 (1.66),0.08,,3.14 (1.07),0.09,,4.85 (2.12),0.08,,3.85 (1.35)
A type of fabric,Cashmere,0.08,,4.79 (1.40),0.11,,4.33 (1.00),0.09,,5.28 (1.70),0.04,,5.00 (1.73)
A type of fabric,Corduroy,0.07,,4.78 (1.48),0.05,,5.25 (0.96),0.09,,4.71 (1.11),0.08,,4.57 (2.07)
A type of fabric,Flannel,0.06,0.01,3.44 (1.71),0.05,0.01,3.00 (1.41),0.08,,4.16 (1.94),0.07,0.02,3.00 (1.67)
A type of fabric,Suede,0.06,,4.19 (1.76),0.07,,4.66 (1.37),0.09,,4.00 (2.31),0.04,,3.66 (1.15)
A type of fabric,Fleece,0.05,,3.46 (1.39),0.07,,3.00 (1.26),0.05,,4.75 (0.96),0.04,,2.66 (1.15)
A type of fuel,Gasoline,0.92,0.69,1.36 (0.79),0.86,0.64,1.33 (0.67),0.91,0.72,1.30 (0.83),1.00,0.71,1.41 (0.84)
A type of fuel,Diesel,0.52,0.06,2.67 (1.21),0.59,0.10,2.65 (1.30),0.51,0.05,2.60 (1.08),0.48,0.02,2.75 (1.24)
A type of fuel,Oil,0.31,0.05,2.73 (1.45),0.29,0.06,2.66 (1.46),0.29,0.04,3.17 (1.72),0.36,0.06,2.43 (1.14)
A type of fuel,Coal,0.24,0.02,3.63 (1.67),0.14,0.04,2.66 (1.72),0.28,,3.95 (1.62),0.30,0.02,3.80 (1.58)
A type of fuel,Propane,0.23,,3.53 (1.27),0.17,,4.00 (1.11),0.25,,3.05 (1.10),0.27,0.01,3.65 (1.40)
A type of fuel,Kerosene,0.20,0.02,2.94 (1.25),0.13,0.01,2.63 (0.92),0.20,0.03,3.12 (1.31),0.26,0.04,2.95 (1.36)
A type of fuel,Wood,0.19,0.01,4.06 (1.52),0.08,,4.00 (1.53),0.22,0.03,3.82 (1.78),0.29,,4.25 (1.36)
A type of fuel,Ethanol,0.15,,3.44 (1.23),0.14,,3.33 (0.89),0.16,0.01,3.15 (1.46),0.13,,3.90 (1.22)
A type of fuel,Electricity,0.11,,3.43 (1.29),0.10,,3.12 (0.83),0.09,0.01,3.14 (1.21),0.15,,3.76 (1.54)
A type of fuel,Solar,0.10,,4.17 (1.55),0.10,,4.00 (1.41),0.08,,4.33 (1.51),0.12,0.01,4.20 (1.81)
A type of fuel,Petroleum,0.10,0.01,3.04 (1.33),0.12,0.02,2.80 (1.62),0.11,,3.00 (1.22),0.06,,3.60 (0.89)
A type of fuel,Alcohol,0.07,,3.61 (1.58),0.04,,3.00 (1.00),0.11,,3.22 (1.48),0.07,,4.50 (1.76)
A type of fuel,Nuclear,0.06,,4.27 (1.58),0.06,,4.00 (1.87),0.04,,5.33 (2.52),0.08,,4.00 (0.82)
A type of fuel,Wind,0.06,,4.13 (1.64),0.08,,4.42 (2.07),0.05,,4.25 (0.50),0.05,,3.50 (1.73)
A type of fuel,Unleaded,0.06,0.02,2.29 (1.33),0.11,0.04,2.22 (1.20),0.04,0.03,1.33 (0.58),0.02,,4.00 (1.41)
A type of fuel,Butane,0.05,,4.69 (1.75),0.06,0.01,3.40 (1.52),0.05,,5.00 (1.41),0.05,,6.00 (1.41)
A type of human dwelling,House,0.91,0.72,1.37 (0.87),0.86,0.73,1.18 (0.52),0.95,0.80,1.32 (0.90),0.95,0.64,1.57 (1.02)
A type of human dwelling,Apartment,0.71,0.03,3.01 (1.38),0.76,0.05,2.63 (1.11),0.71,0.01,2.96 (1.33),0.69,0.04,3.44 (1.56)
A type of human dwelling,Tent,0.46,0.03,3.86 (1.92),0.35,,4.89 (2.04),0.54,0.04,4.00 (1.84),0.49,0.06,2.97 (1.51)
A type of human dwelling,Condominium,0.45,0.01,3.72 (1.54),0.51,0.01,3.35 (1.03),0.48,,4.10 (1.90),0.37,0.01,3.74 (1.57)
A type of human dwelling,Hut,0.29,0.04,3.59 (2.03),0.27,0.02,3.45 (1.68),0.27,0.03,4.42 (2.42),0.36,0.06,3.10 (1.82)
A type of human dwelling,Cave,0.21,0.04,3.38 (2.10),0.13,0.01,3.90 (2.21),0.30,0.08,3.20 (2.06),0.20,0.05,3.29 (1.86)
A type of human dwelling,Igloo,0.20,0.02,3.86 (2.07),0.17,0.01,4.57 (2.21),0.16,0.01,3.53 (1.81),0.27,0.05,3.60 (2.10)
A type of human dwelling,Cabin,0.19,0.01,4.50 (2.08),0.17,0.01,4.07 (2.16),0.24,,4.94 (1.90),0.18,0.01,4.33 (2.26)
A type of human dwelling,RV,0.19,,4.91 (1.59),0.10,,5.50 (1.69),0.25,,4.85 (1.39),0.21,0.01,4.72 (1.78)
A type of human dwelling,Trailer,0.18,,4.93 (2.04),0.14,,5.41 (2.50),0.22,,4.52 (1.70),0.18,,5.00 (2.04)
A type of human dwelling,Mansion,0.18,,5.09 (1.80),0.25,,5.00 (1.26),0.18,,5.64 (2.65),0.11,,4.44 (1.01)
A type of human dwelling,Townhouse,0.11,,5.39 (1.83),0.12,,4.90 (1.45),0.14,,5.54 (2.16),0.08,,5.85 (1.86)
A type of human dwelling,Hotel,0.11,,5.15 (1.81),0.12,,5.50 (1.65),0.09,,5.00 (1.00),0.12,,4.90 (2.42)
A type of human dwelling,Shack,0.10,,4.50 (2.10),0.07,0.01,4.66 (2.74),0.13,,5.40 (2.12),0.12,,3.50 (1.27)
A type of human dwelling,Yurt,0.09,0.02,3.14 (1.55),0.07,,3.50 (1.05),0.05,,4.00 (2.16),0.14,0.05,2.66 (1.50)
A type of human dwelling,Teepee,0.09,,4.68 (2.42),0.12,0.01,5.00 (2.75),0.09,,4.00 (2.24),0.06,,5.00 (2.24)
A type of human dwelling,Duplex,0.08,,4.95 (2.32),0.08,,5.57 (2.64),0.09,,5.57 (2.15),0.06,,3.20 (1.30)
A type of human dwelling,Cottage,0.07,,4.06 (1.59),0.05,,3.00 (0.82),0.08,,3.66 (1.63),0.10,,4.87 (1.55)
A type of human dwelling,Castle,0.06,,6.64 (1.95),0.04,,7.33 (1.15),0.06,,7.00 (2.65),0.07,,6.00 (1.67)
A type of human dwelling,Car,0.05,,5.00 (1.58),0.04,,6.00 (2.00),0.08,,4.66 (1.86),0.05,,4.75 (0.50)
A type of music,Rock,0.80,0.31,2.57 (1.90),0.80,0.29,3.01 (2.42),0.77,0.35,2.40 (1.82),0.86,0.30,2.29 (1.27)
A type of music,Country,0.63,0.07,3.71 (2.10),0.64,0.08,3.86 (2.39),0.63,0.06,3.48 (1.96),0.64,0.07,3.77 (1.93)
A type of music,Classical,0.56,0.13,3.67 (2.21),0.48,0.08,4.15 (2.43),0.56,0.11,3.72 (2.08),0.64,0.19,3.27 (2.10)
A type of music,Jazz,0.53,0.11,3.54 (2.12),0.46,0.06,3.86 (2.12),0.57,0.09,4.33 (2.24),0.57,0.19,2.54 (1.60)
A type of music,Rap,0.50,0.11,3.41 (2.22),0.54,0.16,3.24 (2.49),0.54,0.11,3.32 (2.15),0.44,0.07,3.70 (1.98)
A type of music,Pop,0.47,0.07,3.67 (2.09),0.55,0.11,3.65 (2.20),0.54,0.05,3.60 (1.98),0.33,0.06,3.78 (2.15)
A type of music,Blues,0.28,0.01,4.70 (2.19),0.22,,5.72 (2.27),0.37,0.03,4.68 (2.22),0.27,,3.91 (1.81)
A type of music,R&B,0.22,,5.31 (2.79),0.34,,5.28 (3.09),0.20,0.01,5.25 (2.82),0.12,,5.50 (1.96)
A type of music,Alternative,0.19,,6.15 (2.37),0.25,,5.85 (2.26),0.23,0.01,6.66 (2.87),0.10,,5.75 (1.04)
A type of music,Folk,0.14,0.02,4.60 (2.53),0.12,0.01,6.00 (3.02),0.15,0.01,4.33 (2.15),0.15,0.02,3.76 (2.17)
A type of music,Gospel,0.11,0.01,5.18 (2.70),0.13,,6.09 (2.66),0.10,0.03,5.50 (3.42),0.11,,3.77 (1.39)
A type of music,Metal,0.10,0.01,5.27 (2.69),0.17,0.01,6.14 (2.77),0.14,0.03,4.27 (2.41),,,
A type of music,Reggae,0.10,,5.54 (2.16),0.11,,6.11 (2.42),0.13,,4.80 (2.20),0.08,,5.85 (1.68)
A type of music,Soul,0.09,,5.70 (2.77),0.11,0.01,5.22 (2.91),0.10,,6.50 (3.12),0.07,,5.33 (2.25)
A type of music,Punk,0.08,0.01,5.43 (2.34),0.13,,6.09 (2.12),0.08,0.03,4.16 (2.71),0.05,,5.50 (2.08)
A type of music,Opera,0.08,,5.37 93.15),0.06,,8.00 (4.00),0.06,,4.20 (2.49),0.11,0.01,4.55 (2.30)
A type of music,Oldies,0.06,,5.69 (2.77),0.07,,4.83 (2.04),0.06,,8.00 (2.74),0.06,,4.40 (2.51)
A type of music,Funk,0.06,,6.67 (2.41),0.07,,6.16 (2.79),0.09,,7.57 (2.15),0.02,,5.00 (1.41)
A type of music,Bluegrass,0.06,,5.36 (2.10),0.07,,5.50 (2.07),0.06,,5.40 (2.88),0.04,,5.00 (1.00)
A type of music,Ska,0.06,,6.79 (2.75),0.08,,7.71 (2.14),0.06,0.01,6.20 (3.70),0.02,,5.00 (1.41)
A type of music,Techno,0.06,,7.21 (2.12),0.10,,7.75,0.05,,6.25,0.02,,7.00
A type of music,Indie,0.05,,5.62 (2.02),0.06,,5.60 (2.19),0.08,,5.33 (2.34),0.02,,6.50 (0.71)
A type of vehicle,Car,0.88,0.69,1.33 (0.76),0.82,0.65,1.35 (0.82),0.86,0.65,1.45 (0.95),0.96,0.79,1.19 (0.43)
A type of vehicle,Truck,0.77,0.08,2.46 (1.19),0.83,0.14,2.31 (1.30),0.75,0.06,2.55 (1.22),0.76,0.05,2.53 (1.04)
A type of vehicle,Motorcycle,0.34,0.01,5.05 (1.98),0.28,,5.69 (2.12),0.35,0.03,5.00 (2.11),0.39,,4.63 (1.69)
A type of vehicle,Airplane,0.33,,4.56 (1.63),0.34,,4.17 (1.39),0.30,,4.58 (1.69),0.36,,4.90 (1.77)
A type of vehicle,Bicycle,0.31,0.02,4.77 (2.18),0.27,,5.22 (2.47),0.29,0.01,5.00 (2.02),0.38,0.05,4.28 (2.05)
A type of vehicle,Bus,0.31,0.02,3.66 (1.68),0.27,,4.00 (1.41),0.34,0.03,3.40 (1.76),0.33,0.02,3.64 (1.81)
A type of vehicle,SUV,0.27,0.01,3.70 (1.64),0.36,0.04,3.46 (1.43),0.24,,4.00 (1.97),0.20,,3.76 (1.60)
A type of vehicle,Boat,0.26,,4.37 (1.91),0.25,,4.47 (1.44),0.25,,4.20 (2.31),0.29,,4.41 (1.98)
A type of vehicle,Train,0.26,,4.63 (1.80),0.20,,5.11 (1.87),0.27,,4.47 (1.94),0.31,,4.42 (1.63)
A type of vehicle,Van,0.25,0.01,4.02 (1.73),0.36,,4.06 (1.48),0.22,0.01,4.00 (1.94),0.18,0.01,3.93 (2.05)
A type of vehicle,Semi,0.10,,4.84 (2.39),0.10,0.01,4.25 (3.01),0.13,,4.50 (2.12),0.08,,6.00 (1.83)
A type of vehicle,Jeep,0.10,0.02,3.50 (2.00),0.10,,4.12 (2.17),0.13,0.05,3.10 (2.02),0.07,0.02,3.33 (1.86)
A type of vehicle,Tank,0.09,,4.91 (1.63),0.05,,5.75 (1.50),0.14,0.01,4.81 (1.66),0.08,,4.57 (1.72)
A type of vehicle,Sedan,0.08,0.03,3.14 (2.46),0.13,0.04,3.63 (2.91),0.09,0.05,2.42 (2.15),0.04,,3.00 (1.00)
A type of vehicle,Tractor,0.08,,4.95 (1.54),0.06,,5.00 (1.00),0.06,,6.20 (2.28),0.12,,4.30 (0.95)
A type of vehicle,Scooter,0.07,,5.67 (1.85),0.02,,6.00 (1.41),0.13,,6.00 (1.76),0.07,0.01,5.00 (2.19)
A type of vehicle,RV,0.07,,4.82 (2.46),0.06,,3.80 (1.64),0.08,0.01,4.16 (2.32),0.07,,6.33 (2.73)
A type of vehicle,Wagon,0.06,,5.00 (2.20),0.02,,4.50 (2.12),0.06,,6.20 (1.79),0.10,0.01,4.37 (2.39)
A type of vehicle,Taxi,0.06,,4.73 (2.76),0.06,,7.00 (3.00),0.04,0.01,4.00 (2.65),0.08,,3.42 (1.72)
A type of vehicle,ATV,0.06,,4.93 (1.54),0.04,,6.66 (2.08),0.06,,4.00 (0.71),0.07,,4.83 (1.17)
A unit of distance,Mile,0.93,0.37,2.72 (1.88),0.89,0.29,3.00 (1.99),0.95,0.41,2.66 (1.89),0.98,0.43,2.51 (1.76)
A unit of distance,Inch,0.76,0.27,2.67 (1.67),0.67,0.16,3.00 (1.74),0.84,0.30,2.81 (1.83),0.80,0.36,2.23 (1.36)
A unit of distance,Foot,0.74,0.13,2.97 (1.63),0.78,0.25,2.96 (1.85),0.73,0.05,3.31 (1.59),0.73,0.07,2.63 (1.34)
A unit of distance,Kilometer,0.64,0.04,3.96 (1.92),0.69,0.06,3.77 (1.93),0.66,0.03,4.09 (1.95),0.60,0.04,4.04 (1.89)
A unit of distance,Yard,0.61,0.02,3.86 (1.55),0.63,0.04,3.84 (1.70),0.62,0.01,4.04 (1.68),0.61,,3.68 (1.26)
A unit of distance,Meter,0.60,0.09,3.68 (1.76),0.65,0.12,3.27 (1.69),0.63,0.10,3.72 (1.83),0.55,0.05,4.10 (1.76)
A unit of distance,Centimeter,0.54,0.03,4.46 (1.92),0.55,0.04,4.04 (1.99),0.65,0.05,4.17 (1.77),0.43,0.01,5.38 (1.74)
A unit of distance,Millimeter,0.26,0.03,5.08 (2.37),0.23,0.02,5.21 (2.35),0.33,0.04,4.65 (2.33),0.24,0.02,5.50 (2.46)
A unit of time,Minute,0.94,0.21,2.14 (1.10),0.93,0.24,2.23 (1.40),0.97,0.22,2.07 (0.94),0.95,0.17,2.11 (0.91)
A unit of time,Hour,0.94,0.18,2.72 (1.21),0.92,0.16,2.60 (0.95),0.97,0.22,2.74 (1.48),0.94,0.18,2.81 (1.14)
A unit of time,Second,0.93,0.48,1.92 (1.36),0.89,0.43,1.97 (1.43),0.97,0.48,2.02 (1.46),0.94,0.52,1.77 (1.18)
A unit of time,Day,0.74,0.01,4.19 (1.09),0.67,0.02,4.10 (1.22),0.80,,4.33 (1.24),0.77,0.01,4.12 (0.78)
A unit of time,Year,0.73,0.01,6.20 (1.40),0.65,,6.07 (1.36),0.78,0.01,6.29 (1.30),0.79,0.02,6.21 (1.53)
A unit of time,Month,0.64,,5.90 (1.22),0.59,,6.02 (1.36),0.63,,6.06 (1.24),0.70,,5.66 (1.04)
A unit of time,Week,0.52,,5.40 (1.10),0.48,,5.50 (1.11),0.54,,5.62 (1.35),0.55,,5.10 (0.74)
A unit of time,Decade,0.47,,7.61 (1.37),0.48,0.01,7.55 (1.60),0.49,,7.66 (1.34),0.45,,7.60 (1.16)
A unit of time,Century,0.45,,8.34 (1.40),0.43,0.01,8.22 (1.77),0.48,,8.28 (1.27),0.44,,8.51 (1.12)
A unit of time,Millisecond,0.22,0.03,5.22 (3.10),0.20,0.02,6.47 (3.16),0.22,0.03,5.00 (2.72),0.25,0.05,4.38 (3.15)
A unit of time,Millennium,0.19,,8.96 (1.44),0.22,,9.11 (1.45),0.24,,8.57 (1.68),0.12,,9.40 (0.70)
A unit of time,Nanosecond,0.10,0.02,4.88 (3.04),0.07,0.02,4.16 (3.66),0.10,0.03,5.00 (3.12),0.14,0.02,5.16 (2.89)
A vegetable,Carrot,0.62,0.24,2.81 (2.13),0.63,0.28,2.59 (1.87),0.67,0.24,3.16 (2.64),0.58,0.20,2.63 (1.73)
A vegetable,Broccoli,0.44,0.08,3.60 (2.17),0.57,0.12,3.57 (2.21),0.48,0.09,3.71 (2.45),0.27,0.04,3.47 (1.62)
A vegetable,Potato,0.40,0.05,3.68 (2.19),0.39,0.04,3.71 (2.40),0.37,0.06,3.72 (2.20),0.44,0.06,3.62 (2.05)
A vegetable,Corn,0.39,0.12,3.09 (1.95),0.35,0.11,2.68 (1.79),0.41,0.14,3.25 (2.14),0.42,0.11,3.28 (1.90)
A vegetable,Lettuce,0.39,0.07,4.03 (2.51),0.36,0.06,4.36 (2.59),0.47,0.06,4.62 (2.66),0.35,0.08,2.93 (1.87)
A vegetable,Pea,0.36,0.06,3.56 (2.07),0.37,0.02,4.00 (2.16),0.35,0.06,3.85 (2.32),0.36,0.08,2.83 (1.51)
A vegetable,Tomato,0.31,0.08,3.47 (2.34),0.28,0.06,3.60 (2.29),0.28,0.09,2.86 (2.25),0.39,0.10,3.78 (2.42)
A vegetable,Onion,0.27,0.02,4.94 (2.96),0.29,0.01,4.45 (3.39),0.25,0.01,5.45 (2.91),0.26,0.04,5.00 (2.51)
A vegetable,Cucumber,0.24,0.02,4.57 (2.44),0.20,0.04,4.47 (2.43),0.30,0.01,4.62 (2.50),0.23,0.02,4.57 (2.50)
A vegetable,Cabbage,0.24,0.02,4.07 (1.82),0.27,0.04,3.90 (1.93),0.27,0.03,4.38 (2.01),0.19,,3.87 (1.41)
A vegetable,Bean,0.23,0.03,3.46 (2.04),0.12,0.04,3.40 (1.96),0.18,,3.85 (1.70),0.38,0.06,3.31 (2.24)
A vegetable,Celery,0.19,0.02,4.11 (2.60),0.16,0.04,4.46 (3.55),0.27,0.03,3.90 (2.21),0.15,,4.07 (2.22)
A vegetable,Squash,0.18,0.01,4.82 (2.40),0.17,,4.85 (2.07),0.18,0.01,4.92 (2.67),0.19,0.02,4.68 (2.57)
A vegetable,Cauliflower,0.16,,4.87 (2.40),0.14,0.01,4.16 (2.04),0.19,,5.00 (3.00),0.14,,5.41 (1.83)
A vegetable,Spinach,0.15,0.02,4.92 (2.77),0.20,0.02,5.29 (2.91),0.16,0.01,5.38 (2.81),0.10,0.02,3.37 (2.07)
A vegetable,Asparagus,0.15,0.01,5.03 (2.61),0.16,0.01,5.38 (3.50),0.14,,5.27 (1.79),0.14,0.02,4.41 (2.19)
A vegetable,Beet,0.14,0.03,4.06 (2.30),0.08,,5.85 (1.57),0.18,0.05,3.57 (2.41),0.15,0.04,3.61 (2.14)
A vegetable,Peppers,0.14,0.01,4.88 (2.77),0.16,0.02,4.92 (3.66),0.11,0.01,5.88 (2.20),0.14,,4.08 (1.83)
A vegetable,Zucchini,0.12,,5.21 (2.55),0.11,0.01,4.22 (2.44),0.10,,5.75 (2.76),0.14,,5.58 (2.50)
A vegetable,Radish,0.11,,5.96 (2.24),0.07,,5.83 (2.04),0.13,,6.60 (2.41),0.13,0.01,5.45 (2.25)
A vegetable,Kale,0.09,,5.87 (2.18),0.12,,6.00 (2.31),0.09,0.01,5.14 (2.27),0.07,,6.50 (1.97)
A vegetable,Eggplant,0.09,0.01,4.23 (2.11),0.16,0.01,4.15 (2.12),0.05,0.01,4.75 (2.63),0.06,0.01,4.00 (2.12)
A vegetable,Turnip,0.07,,5.76 (2.49),0.05,,4.25 (1.50),0.11,,6.88 (2.09),0.05,0.01,4.75 (3.30)
A weapon,Knife,0.94,0.27,1.99 (1.00),0.93,0.36,1.81 (1.07),0.96,0.22,2.15 (1.02),0.95,0.24,2.00 (0.90)
A weapon,Gun,0.91,0.61,1.44 (0.76),0.93,0.55,1.55 (0.88),0.92,0.68,1.34 (0.67),0.90,0.62,1.40 (0.72)
A weapon,Sword,0.33,0.01,4.05 (1.92),0.41,,4.08 (1.98),0.33,0.03,4.07 (2.30),0.25,,3.95 (1.28)
A weapon,Bomb,0.22,,4.96 (1.80),0.24,,4.65 (1.57),0.18,,5.78 (2.33),0.24,,4.70 (1.49)
A weapon,Rifle,0.21,0.02,3.66 (1.85),0.11,0.01,4.22 (2.28),0.20,0.01,3.43 (1.50),0.33,0.02,3.60 (1.91)
A weapon,Club,0.13,0.01,4.41 (1.66),0.06,,5.00 (1.22),0.13,0.01,4.50 (1.90),0.20,0.01,4.17 (1.67)
A weapon,Fist,0.13,0.01,4.84 (1.81),0.12,0.02,4.10 (1.97),0.11,,5.66 (1.50),0.14,,4.83 (1.75)
A weapon,Spear,0.12,,4.86 (1.75),0.07,,6.50 (1.05),0.09,,5.14 (2.27),0.19,,4.12 (1.26)
A weapon,Cannon,0.10,,5.12 (1.99),0.05,,4.75 (2.75),0.11,,5.44 (2.13),0.15,,5.00 (1.78)
A weapon,Hammer,0.10,,4.56 (1.89),0.06,,3.60 (1.52),0.14,,5.27 (2.45),0.11,,4.22 (0.83)
A weapon,Axe,0.10,,5.00 (2.43),0.10,,3.37 (0.92),0.14,,6.27 (2.83),0.06,,4.80 (1.64)
A weapon,Mace,0.10,,5.46 (2.32),0.11,,4.88 (1.62),0.14,,6.00 (2.65),0.05,0.01,5.25 (2.99)
A weapon,Shotgun,0.08,,4.63 (2.06),0.11,,4.44 (2.30),0.03,,7.00 (1.41),0.10,,4.25 (1.67)
A weapon,Machete,0.07,,4.17 (1.58),0.10,,3.50 (1.31),0.06,,4.00 (2.65),0.06,,5.40 (2.99)
A weapon,Taser,0.07,,4.88 (1.69),0.06,,5.00 (1.87),0.08,,5.50 (1.22),0.07,,4.16 (1.94)
A weapon,Tank,0.06,,5.13 (1.78),0.04,,5.33 (1.15),0.11,,5.22 (2.28),0.05,,4.75 (0.96)
A weapon,Pistol,0.06,0.01,3.29 (2.49),0.04,0.01,5.00 (4.58),0.04,,3.00 (1.00),0.10,0.02,2.75 (1.91)
A weapon,Stick,0.06,,4.43 (1.60),0.04,,5.00 (1.73),0.06,0.01,4.00 (2.00),0.07,,4.50 (1.38)
A weapon,Missile,0.06,,5.57 (2.21),0.05,,5.50 (1.73),0.08,,4.83 (2.14),0.05,,6.75 (2.75)
A weapon,Grenade,0.06,,5.21 (1.53),0.08,,5.57 (1.27),0.06,,5.00 (1.87),0.02,,4.50 (2.12)
A weather phenomenon,Hurricane,0.83,0.19,3.07 (2.01),0.81,0.28,2.91 (2.11),0.87,0.33,2.97 (1.85),0.83,0.25,3.32 (2.07)
A weather phenomenon,Tornado,0.83,0.28,2.74 (1.96),0.78,0.23,2.86 (2.17),0.87,0.11,2.39 (1.65),0.86,0.26,2.95 (2.01)
A weather phenomenon,Rain,0.48,0.20,2.64 (1.94),0.47,0.07,2.38 (1.76),0.42,0.01,3.06 (1.94),0.56,,2.55 (2.08)
A weather phenomenon,Snow,0.44,0.03,3.58 (1.88),0.42,0.01,3.17 (2.15),0.42,0.03,3.90 (1.99),0.49,0.02,3.65 (1.49)
A weather phenomenon,Hail,0.28,0.02,4.51 (2.10),0.30,0.01,4.80 (2.02),0.24,0.01,4.47 (2.39),0.30,0.01,4.24 (2.01)
A weather phenomenon,Thunder,0.28,0.01,4.32 (2.04),0.28,,3.86 (1.42),0.27,,5.00 (2.68),0.30,0.02,4.16 (1.82)
A weather phenomenon,Tsunami,0.23,0.01,4.63 (1.90),0.29,0.01,4.91 (1.67),0.27,0.03,4.33 (1.77),0.14,,4.58 (2.54)
A weather phenomenon,Blizzard,0.23,0.01,4.37 (1.88),0.27,,4.72 (2.00),0.32,,4.32 (1.93),0.12,,3.70 (1.34)
A weather phenomenon,Sleet,0.22,,4.83 (1.90),0.17,0.01,4.42 (2.38),0.24,0.01,5.05 (1.78),0.25,0.06,4.90 (1.70)
A weather phenomenon,Wind,0.20,0.03,4.39 (2.69),0.19,,5.50 (2.66),0.15,0.04,4.91 (2.97),0.25,,3.23 (2.17)
A weather phenomenon,Lightning,0.19,0.01,4.64 (2.23),0.20,,4.70 (1.86),0.14,0.03,4.45 (3.42),0.23,,4.68 (1.77)
A weather phenomenon,Typhoon,0.17,0.01,4.74 (2.00),0.08,0.02,3.71 (0.49),0.22,,4.47 (2.24),0.21,0.01,5.38 (1.97)
A weather phenomenon,Flood,0.16,0.01,3.92 (2.03),0.17,,3.42 (1.83),0.16,0.06,4.00 (1.78),0.14,0.08,4.41 (2.50)
A weather phenomenon,Storm,0.13,0.05,3.24 (2.42),0.06,0.01,4.60 (0.89),0.18,0.01,3.50 (2.93),0.17,0.04,2.50 (2.07)
A weather phenomenon,Cyclone,0.13,0.02,4.16 (2.11),0.11,0.28,4.00 (1.80),0.10,0.33,4.12 (2.03),0.18,0.25,4.26 (2.43)
A weather phenomenon,Earthquake,0.10,,4.31 (1.46),0.18,,4.46 (1.60),0.10,,4.00 (1.51),0.04,,4.33 (0.58)
A weather phenomenon,Clouds,0.09,0.02,4.57 (3.04),0.06,0.01,3.80 (2.77),0.06,0.04,2.60 (2.61),0.15,0.02,5.61 (3.01)
A weather phenomenon,Nor’easter,0.08,0.01,4.16 (2.17),0.14,0.01,4.00 (2.26),0.06,0.01,4.40 (2.41),0.02,,4.50 (2.12)
A weather phenomenon,Drought,0.08,,5.32 (2.11),0.11,0.01,5.66 (2.35),0.05,,5.00 (1.63),0.07,,5.00 (2.28)
A weather phenomenon,Monsoon,0.06,,4.40 (1.84),0.07,,4.50 (1.52),0.08,,4.50 (2.59),0.04,,4.00 (1.00)
A weather phenomenon,Fog,0.06,,6.29 (2.13),0.05,,6.25 (3.20),0.04,,7.00 (1.73),0.08,,6.00 (1.83)
An alcoholic beverage,Beer,0.92,0.69,1.61 (1.36),0.94,0.71,1.60 (1.38),0.96,0.71,1.64 (1.33),0.89,0.67,1.58 (1.38)
An alcoholic beverage,Wine,0.85,0.09,2.73 (1.66),0.83,0.07,2.75 (1.66),0.90,0.05,2.95 (1.76),0.86,0.15,2.47 (1.55)
An alcoholic beverage,Vodka,0.66,0.05,3.90 (1.84),0.65,0.05,3.92 (2.14),0.67,0.08,3.67 (1.82),0.67,0.02,4.08 (1.54)
An alcoholic beverage,Whiskey,0.59,0.01,4.13 (1.71),0.55,0.01,3.95 (1.74),0.57,0.01,4.13 (1.77),0.67,,4.26 (1.67)
An alcoholic beverage,Rum,0.44,0.03,4.43 (1.91),0.41,0.01,4.85 (2.12),0.42,0.03,4.45 (1.56),0.49,0.06,4.04 (1.95)
An alcoholic beverage,Gin,0.41,0.05,4.40 (2.09),0.35,0.02,5.37 (2.27),0.44,0.05,4.28 (1.89),0.45,0.07,3.76 (1.92)
An alcoholic beverage,Tequila,0.30,,5.09 (2.06),0.37,,5.00 (1.95),0.28,,5.36 (2.08),0.26,0.01,4.95 (2.26)
An alcoholic beverage,Bourbon,0.22,,5.20 (1.84),0.17,0.01,5.28 (2.23),0.23,,5.77 (2.02),0.26,,4.68 (1.25)
An alcoholic beverage,Scotch,0.19,,4.59 (1.80),0.10,,5.87 (1.55),0.25,,4.70 (1.81),0.21,0.01,3.88 (1.60)
An alcoholic beverage,Brandy,0.13,,5.06 (1.56),0.12,,5.40 (1.17),0.15,,5.00 (1.65),0.12,,4.80 (1.87)
An alcoholic beverage,Champagne,0.12,,5.07 (1.98),0.14,0.01,4.75 (2.22),0.14,,5.18 (1.54),0.08,,5.42 (2.37)
An alcoholic beverage,Margarita,0.10,0.01,4.46 (2.35),0.12,0.01,4.30 (2.16),0.14,0.03,4.27 (2.69),0.06,,5.20 (2.28)
An alcoholic beverage,Liquor,0.08,,4.11 (1.73),0.11,,3.88 (1.76),0.05,,4.75 (2.22),0.07,,4.00 (1.55)
An alcoholic beverage,Ale,0.07,,4.56 (1.76),0.04,,5.00 (1.73),0.08,,4.83 (2.32),0.11,,4.22 (1.48)
An alcoholic beverage,Martini,0.06,,4.07 (2.22),0.08,0.01,4.00 (2.65),0.05,,4.25 (2.06),0.05,,4.00 (2.16)
An alcoholic beverage,Rye,0.05,,4.92 (1.80),0.02,,6.00 (0.00),0.03,,3.50 (0.71),0.11,,5.00 (2.00)
An article of clothing,Shirt,0.86,0.46,2.00 (1.42),0.86,0.53,1.73 (1.19),0.90,0.48,2.05 (1.57),0.85,0.38,2.21 (1.43)
An article of clothing,Pants,0.83,0.12,2.86 (1.65),0.81,0.11,2.68 (1.43),0.82,0.09,3.01 (1.92),0.89,0.17,2.86 (1.57)
An article of clothing,Socks,0.69,0.05,5.20 (2.91),0.65,0.02,5.11 (3.11),0.77,0.08,5.24 (2.84),0.68,0.06,5.24 (2.82)
An article of clothing,Hat,0.44,0.06,5.76 (3.18),0.40,0.04,6.03 (2.93),0.47,0.08,6.18 (3.53),0.45,0.08,5.10 (2.99)
An article of clothing,Underwear,0.43,0.01,5.92 (2.85),0.47,,5.51 (2.81),0.52,0.01,5.90 (2.76),0.31,0.01,6.57 (3.05)
An article of clothing,Dress,0.39,0.03,5.24 (2.87),0.34,0.02,5.75 (2.73),0.44,0.04,5.97 (3.21),0.40,0.04,4.05 (2.23)
An article of clothing,Shoes,0.38,0.06,4.81 (3.02),0.33,0.05,4.85 (3.24),0.32,0.01,5.12 (3.10),0.49,0.11,4.58 (2.88)
An article of clothing,Coat,0.37,0.02,6.29 (2.67),0.24,,6.55 (2.44),0.39,0.04,5.83 (2.98),0.49,0.01,6.51 (2.55)
An article of clothing,Jacket,0.33,0.02,5.61 (2.61),0.35,0.05,5.27 (2.93),0.23,0.03,6.11 (2.87),0.43,,5.63 (2.21)
An article of clothing,Skirt,0.33,0.01,5.59 (2.56),0.33,0.04,5.48 (2.62),0.37,,6.06 (2.85),0.31,,5.15 (2.11)
An article of clothing,Bra,0.29,0.01,6.07 (2.66),0.30,0.01,6.04 (3.14),0.39,0.01,5.96 (2.29),0.20,0.01,6.29 (2.69)
An article of clothing,Blouse,0.27,0.02,4.68 (2.68),0.19,0.01,5.50 (3.10),0.25,0.01,4.70 (2.75),0.38,0.04,4.25 (2.38)
An article of clothing,Shorts,0.27,0.01,5.64 (2.79),0.37,0.01,5.90 (2.89),0.23,0.01,5.22 (2.69),0.20,,5.58 (2.81)
An article of clothing,Sweater,0.25,0.01,5.71 (2.75),0.27,,6.00 (2.81),0.24,0.01,5.42 (2.80),0.25,0.01,5.66 (2.76)
An article of clothing,Scarf,0.23,,7.67 (2.66),0.23,,7.78 (2.70),0.19,,7.66 (3.31),0.27,,7.56 (2.25)
An article of clothing,Gloves,0.21,,7.58 (2.92),0.22,,6.77 (1.70),0.22,,9.05 (3.36),0.21,,7.00 (3.05)
An article of clothing,Jeans,0.19,0.01,4.94 (3.21),0.29,0.01,4.12 (2.46),0.22,0.03,5.64 (3.89),0.07,,6.16 (3.43)
An article of clothing,T-shirt,0.15,0.04,4.83 (3.59),0.14,0.07,3.50 (3.75),0.14,,5.45 (2.62),0.15,0.04,5.53 (4.03)
An article of clothing,Tie,0.14,,7.40 (2.97),0.16,,9.23 (3.00),0.10,,7.62 (2.83),0.17,,5.57 (1.87)
An article of clothing,Vest,0.09,,7.52 (3.36),0.08,,8.00 (2.89),0.14,,8.36 (2.94),0.06,0.01,5.00 (4.18)
An article of clothing,Panties,0.09,,6.41 (3.03),0.04,,5.66 (1.15),0.14,0.01,6.54 (3.72),0.10,,6.50 (2.67)
An article of clothing,Belt,0.08,,7.19 (2.36),0.08,,8.28 (2.21),0.05,,7.75 (2.75),0.12,,6.20 (2.10)
An article of clothing,Sweatshirt,0.07,,8.35 (3.22),0.07,,8.33 (2.73),0.06,,8.80 (4.38),0.07,,8.00 (3.16)
An article of clothing,Pajamas,0.06,,7.93 (3.93),0.05,,8.00 (4.83),0.10,0.01,7.75 (4.23),0.02,,8.50 (2.12)
An article of clothing,Slacks,0.05,,5.54 (3.13),0.06,,5.60 (1.82),0.04,,6.66 (5.51),0.06,,4.80 (3.03)
An article of clothing,Suit,0.05,,6.31 (3.33),0.07,,7.66 (2.50),0.04,,6.66 (5.03),0.05,0.01,4.00 (2.45)
An article of furniture,Chair,0.92,0.35,2.04 (1.17),0.89,0.28,2.04 (1.01),0.92,0.33,2.20 (1.37),0.95,0.45,1.87 (1.08)
An article of furniture,Couch,0.90,0.37,2.21 (1.43),0.93,0.52,2.11 (1.70,0.94,0.33,2.27 (1.40),0.85,0.26,2.25 (1.13)
An article of furniture,Table,0.77,0.09,3.28 (1.61),0.70,0.07,3.53 (1.95),0.78,0.11,3.25 (1.56),0.85,0.08,3.09 (1.33)
An article of furniture,Bed,0.59,0.06,4.14 (2.03),0.64,0.06,3.79 (1.80),0.52,0.05,4.41 (2.12),0.63,0.07,4.28 (2.17)
An article of furniture,Desk,0.39,0.08,3.84 (2.29),0.34,0.01,4.67 (2.13),0.41,0.13,3.87 (2.51),0.44,0.11,3.16 (2.03)
An article of furniture,Dresser,0.36,,5.64 (1.83),0.40,,5.75 (1.95),0.33,,5.50 (1.82),0.37,,5.64 (1.76)
An article of furniture,Lamp,0.19,,5.73 (2.10),0.16,,6.30 (2.43),0.19,,6.06 (2.40),0.24,,5.10 (1.48)
An article of furniture,Recliner,0.17,,4.78 (2.13),0.13,,5.45 (1.97),0.20,,4.12 (2.22),0.17,0.01,5.00 (2.08)
An article of furniture,Ottoman,0.15,,4.43 (1.59),0.17,0.01,4.42 (2.10),0.15,,4.66 (1.50),0.13,,4.18 (0.87)
An article of furniture,Loveseat,0.15,,3.86 (1.78),0.20,0.01,3.52 (2.18),0.14,,4.09 (1.45),0.10,,4.25 (1.16)
An article of furniture,Nightstand,0.14,,6.40 (2.00),0.18,,6.40 (1.92),0.13,,5.80 (2.10),0.12,,7.00 (2.05)
An article of furniture,Stool,0.12,,5.60 (2.25),0.13,,6.09 (2.84),0.09,,4.28 (0.95),0.14,,5.91 (2.02)
An article of furniture,Shelf,0.12,,5.45 (1.66),0.08,,6.57 (1.40),0.20,,5.31 (1.54),0.07,,4.50 (1.76)
An article of furniture,Cabinet,0.10,,5.65 (2.51),0.08,,5.57 (2.76),0.11,0.01,5.33 (2.12),0.12,,6.00 (2.87)
An article of furniture,Armoire,0.08,,6.58 (1.87),0.07,,7.00 (2.19),0.04,,7.00 (0.00),0.12,,6.20 (1.99)
An article of furniture,Bookcase,0.06,,5.81 (1.47),0.02,,7.50 (3.54),0.06,,5.40 (0.89),0.11,,5.66 (1.12)
An article of furniture,Chest,0.06,,6.44 (2.19),0.02,,9.00 (2.83),0.06,,6.20 (1.64),0.11,,6.00 (2.18)
An herb,Oregano,0.49,0.13,2.86 (1.90),0.47,0.13,3.10 (2.27),0.58,0.13,2.89 (1.85),0.44,0.13,2.56 (1.48)
An herb,Thyme,0.46,0.08,3.03 (1.65),0.41,0.10,2.61 (1.58),0.49,0.04,3.43 (1.85),0.50,0.10,2.97 (1.46)
An herb,Basil,0.45,0.21,2.24 (1.53),0.51,0.20,2.47 (1.60),0.46,0.27,1.86 (1.50),0.40,0.15,2.35 (1.45)
An herb,Rosemary,0.44,0.10,3.03 (1.73),0.45,0.08,2.91 (1.69),0.39,0.11,3.06 (1.88),0.48,0.11,3.10 (1.68)
An herb,Parsley,0.44,0.12,3.03 (1.95),0.43,0.16,2.52 (1.66),0.58,0.09,3.71 (2.19),0.31,0.11,2.50 (1.50)
An herb,Sage,0.27,0.04,3.87 (2.26),0.19,0.04,3.75 (2.24),0.32,0.03,4.40 (2.65),0.31,0.05,3.42 (1.81)
An herb,Cilantro,0.21,0.05,3.21 (1.85),0.23,0.05,3.31 (1.92),0.25,0.05,3.30 (1.84),0.17,0.05,2.92 (1.90)
An herb,Garlic,0.20,0.05,3.12 (1.87),0.17,0.04,3.00 (1.84),0.16,0.04,3.15 (1.95),0.27,0.07,3.17 (1.92)
An herb,Pepper,0.15,0.02,3.61 (1.85),0.07,,4.33 (2.73),0.14,0.03,3.81 (1.78),0.25,0.04,3.28 (1.62)
An herb,Mint,0.15,0.03,3.22 (1.77),0.22,0.06,3.00 (1.88),0.13,0.04,3.10 (1.73),0.11,,3.77 (1.64)
An herb,Dill,0.14,0.02,3.88 (1.92),0.13,0.01,3.90 (1.81),0.14,0.03,4.00 (2.49),0.14,0.01,3.75 (1.54)
An herb,Chives,0.09,0.02,3.13 (1.94),0.07,,3.66 (1.63),0.06,0.04,1.40 (0.55),0.14,0.02,3.58 (2.11)
An herb,Salt,0.09,0.01,3.64 (1.92),0.02,,6.00 (2.83),0.08,,4.00 (1.10),0.17,0.04,3.14 (1.92)
An herb,Onion,0.05,,3.77 (1.88),0.05,0.01,4.25 (2.75),0.03,,5.00 (2.83),0.08,,3.14 (0.90)
An herb,Cinnamon,0.05,0.01,2.92 (1.85),0.02,,6.50 (2.12),0.06,0.01,2.20 (0.84),0.07,0.01,2.33 (0.82)
An insect,Ant,0.70,0.33,2.32 (1.72),0.72,0.35,2.18 (1.67),0.63,0.28,2.42 (1.77),0.76,0.37,2.37 (1.75)
An insect,Fly,0.64,0.20,2.94 (1.99),0.64,0.11,3.50 (2.07),0.67,0.27,2.75 (2.13),0.62,0.23,2.53 (1.61)
An insect,Bee,0.55,0.13,3.23 (2.11),0.52,0.12,3.39 (2.31),0.56,0.15,2.84 (1.68),0.60,0.12,3.42 (2.26)
An insect,Spider,0.41,0.06,3.50 (1.95),0.46,0.10,3.42 (2.07),0.35,0.04,3.92 (2.07),0.42,0.05,3.22 (1.70)
An insect,Beetle,0.35,0.04,3.55 (1.94),0.39,0.06,3.59 (2.05),0.42,0.06,3.42 (2.00),0.27,,3.65 (1.75)
An insect,Mosquito,0.35,0.02,4.26 (2.10),0.28,0.01,4.69 (2.42),0.38,0.03,4.26 (2.07),0.39,0.02,3.93 (1.89)
An insect,Cockroach,0.34,0.02,4.05 (1.90),0.35,0.02,3.86 (2.26),0.32,,4.08 (1.66),0.37,0.02,4.19 (1.74)
An insect,Wasp,0.31,0.01,4.56 (1.86),0.30,,5.44 (1.94),0.35,,4.10 (1.50),0.30,0.02,4.20 (1.91)
An insect,Butterfly,0.22,0.02,4.96 (2.27),0.30,0.04,5.00 (2.50),0.22,0.03,4.94 (2.33),0.15,,4.92 (1.85)
An insect,Grasshopper,0.21,0.04,3.75 (2.08),0.29,0.08,3.08 (1.77),0.18,0.04,4.07 (2.50),0.17,,4.57 (1.87)
An insect,Moth,0.15,,4.97 (1.87),0.16,,5.15 (2.44),0.15,,5.58 (1.24),0.15,,4.23 (1.54)
An insect,Gnat,0.14,0.02,4.54 (2.50),0.07,,6.16 (2.56),0.18,0.04,4.50 (2.44),0.18,0.04,3.93 (2.40)
An insect,Cricket,0.11,0.01,4.56 (2.24),0.16,0.02,4.53 (2.50),0.10,,4.62 (2.26),0.07,,4.50 (1.97)
An insect,Caterpillar,0.10,0.01,4.75 (2.69),0.14,,5.41 (3.06),0.11,0.01,4.55 (2.13),0.04,0.01,2.66 (2.08)
An insect,Flea,0.08,,4.25 (2.17),0.04,,4.33 (1.53),0.10,,5.00 (2.45),0.11,0.01,3.55 (2.07)
An insect,Worm,0.08,,5.47 (2.34),0.10,,6.37 (3.02),0.10,,5.12 (1.46),0.04,,4.00 (1.73)
An insect,Hornet,0.07,,5.65 (1.54),0.07,,5.66 (1.03),0.08,,4.50 (1.38),0.06,,7.00 (1.22)
An insect,Centipede,0.07,,5.00 (1.97),0.08,,5.28 (2.56),0.08,,5.33 (1.75),0.05,,4.00 (0.82)
An occupation or profession,Doctor,0.79,0.44,2.16 (1.78),0.83,0.40,2.40 (1.94),0.82,0.53,1.87 (1.56),0.74,0.40,2.17 (1.81)
An occupation or profession,Lawyer,0.65,0.06,2.73 (1.62),0.63,0.05,2.88 (1.68),0.71,0.06,2.66 (1.56),0.62,0.08,2.65 (1.63)
An occupation or profession,Teacher,0.44,0.10,3.57 (2.14),0.45,0.13,3.45 (2.41),0.43,0.08,3.82 (2.10),0.45,0.11,3.44 (1.93)
An occupation or profession,Nurse,0.39,0.03,4.12 (2.14),0.36,0.07,4.06 (2.32),0.47,0.01,4.16 (2.15),0.36,0.01,4.13 (2.01)
An occupation or profession,Firefighter,0.20,,4.53 (2.07),0.18,,4.46 (2.47),0.30,0.01,4.58 (1.95),0.12,,4.50 (1.90)
An occupation or profession,Accountant,0.19,0.03,4.02 (2.15),0.18,0.02,4.66 (2.23),0.18,0.01,4.71 (2.37),0.23,0.06,3.00 (1.53)
An occupation or profession,Dentist,0.17,0.02,4.20 (2.53),0.16,0.01,3.61 (1.56),0.13,,5.20 (3.29),0.21,0.04,4.05 (2.60)
An occupation or profession,Engineer,0.13,0.01,4.61 (2.25),0.12,0.01,3.70 (2.00),0.10,,5.12 (2.30),0.18,0.02,4.93 (2.34)
An occupation or profession,Plumber,0.13,0.02,4.52 (2.63),0.10,0.02,4.37 (2.72),0.10,0.01,5.50 (2.88),0.18,0.02,4.06 (2.49)
An occupation or profession,Carpenter,0.12,0.02,4.34 (2.38),0.11,0.01,4.00 (1.80),0.04,,6.33 (1.53),0.20,0.06,4.17 (2.67)
An occupation or profession,Salesperson,0.11,0.01,4.61 (1.71),0.11,,5.44 (1.24),0.08,0.03,3.83 (2.32),0.15,,4.38 (1.56)
An occupation or profession,Secretary,0.11,,5.25 (1.99),0.08,,5.71 (2.43),0.15,,4.83 (1.80),0.11,,5.44 (2.01)
An occupation or profession,Cashier,0.09,0.01,5.09 (2.24),0.14,0.02,5.00 (2.37),0.09,,5.42 (2.51),0.04,,4.66 (1.53)
An occupation or profession,Mechanic,0.08,,5.14 (2.15),0.10,,5.87 (2.30),0.10,0.01,4.37 (1.85),0.06,,5.20 (2.39)
An occupation or profession,Professor,0.08,,5.05 (2.50),0.08,,5.00 (2.65),0.05,,7.50 (2.52),0.11,0.01,4.00 (1.73)
An occupation or profession,Electrician,0.08,,5.37 (2.19),0.05,,4.25 (2.22),0.08,,5.33 (1.86),0.11,,5.88 (2.42)
An occupation or profession,Chef,0.08,,5.47 (2.32),0.08,,5.28 (2.63),0.10,,5.12 (2.42),0.05,,6.50 (1.73)
An occupation or profession,Scientist,0.06,0.01,4.75 (2.82),0.06,0.01,4.80 (3.70),0.09,0.01,5.28 (2.98),0.05,,3.75 (1.26)
An occupation or profession,Clerk,0.06,,5.13 (2.13),0.04,,6.33 (2.89),0.05,,5.25 (1.71),0.10,0.01,4.62 (2.13)
An occupation or profession,Banker,0.06,,4.13 (2.64),0.04,0.01,3.00 (2.65),0.09,,5.00 (3.27),0.06,,3.60 (1.52)
An occupation or profession,Actor,0.06,,6.00 (1.75),0.08,,6.28 (1.60),0.06,,6.60 (1.14),0.02,,3.50 (2.12)
An occupation or profession,Mailman,0.05,,6.38 (2.02),0.07,,5.16 (1.72),0.06,,8.00 (1.58),0.02,,6.00 (1.41)
